domain,src_value,dst_value
DOM_YES_NO_UNDTRMND,Non-contributing to a State Register District,No
DOM_YES_NO_UNDTRMND,106 - Officially eligible,Yes
DOM_YES_NO_UNDTRMND,Nomination amendment approved,Yes
DOM_YES_NO_UNDTRMND,Review Board Recommendation for Listing,Yes
DOM_YES_NO_UNDTRMND,Officially NotEligible for the State Register,No
DOM_YES_NO_UNDTRMND,Rejected By CHS Board of Directors (State Register),No
DOM_YES_NO_UNDTRMND,Field Assess.: Contrib. to District,Yes
DOM_YES_NO_UNDTRMND,No assessment given on form,Undetermined
DOM_YES_NO_UNDTRMND,Contributing to a State Register District,Yes
DOM_YES_NO_UNDTRMND,Local Landmark,Yes
DOM_YES_NO_UNDTRMND,Nomination amendment recommended for approval,Undetermined
DOM_YES_NO_UNDTRMND,Determined Needs Data,Undetermined
DOM_YES_NO_UNDTRMND,Field Eligible for the State Register,Yes
DOM_YES_NO_UNDTRMND,Listed on the State Register,Yes
DOM_YES_NO_UNDTRMND,Field needs data,Undetermined
DOM_YES_NO_UNDTRMND,Contributes to NR district,Yes
DOM_YES_NO_UNDTRMND,Officially not eligible,No
DOM_YES_NO_UNDTRMND,Staff - Officially Eligible,Yes
DOM_YES_NO_UNDTRMND,Delisted from National Register,No
DOM_YES_NO_UNDTRMND,Pending in Washington,Undetermined
DOM_YES_NO_UNDTRMND,None,Undetermined
DOM_YES_NO_UNDTRMND,Officially Eligible for the State Register,Yes
DOM_YES_NO_UNDTRMND,Within NR district,Yes
DOM_YES_NO_UNDTRMND,Expanded,Undetermined
DOM_YES_NO_UNDTRMND,Listed on National Register,Yes
DOM_YES_NO_UNDTRMND,Supports eligibility of entire linear resource,Yes
DOM_YES_NO_UNDTRMND,Rejected by Washington DC for National Register listing,No
DOM_YES_NO_UNDTRMND,Field Not Eligible for the State Register,No
DOM_YES_NO_UNDTRMND,National Historic Landmark,Yes
DOM_YES_NO_UNDTRMND,Officially needs data,Undetermined
DOM_YES_NO_UNDTRMND,Does not support eligibility of entire linear resource,No
DOM_YES_NO_UNDTRMND,Noncontributing to NR district,No
DOM_YES_NO_UNDTRMND,Within official eligible district,Yes
DOM_YES_NO_UNDTRMND,Field Assess.: Non-contributing to District,No
DOM_YES_NO_UNDTRMND,Field not eligible,No
DOM_YES_NO_UNDTRMND,Centennial Farm,Yes
DOM_YES_NO_UNDTRMND,Field eligible,Yes
DOM_YES_NO_UNDTRMND,Recommendation of denial of listing by State Register Review Board,Undetermined
DOM_YES_NO_UNDTRMND,None,Undetermined
DOM_YES_NO_UNDTRMND,Determined not Eligible,No
DOM_YES_NO_UNDTRMND,Contrib. to Officially elig. dist.,Yes
DOM_YES_NO_UNDTRMND,Noncontrib. to Officially elig. dist.,No
DOM_YES_NO_UNDTRMND,Multiple Resource Component,Undetermined
DOM_YES_NO_UNDTRMND,Within State Register District,Yes
CRM_DOM_RSRCE_NRHP_ELGBLE_AUTH_NM,Non-contributing to a State Register District,SHPO
CRM_DOM_RSRCE_NRHP_ELGBLE_AUTH_NM,106 - Officially eligible,SHPO
CRM_DOM_RSRCE_NRHP_ELGBLE_AUTH_NM,Nomination amendment approved,Keeper of the National Register
CRM_DOM_RSRCE_NRHP_ELGBLE_AUTH_NM,Review Board Recommendation for Listing,SHPO
CRM_DOM_RSRCE_NRHP_ELGBLE_AUTH_NM,Officially NotEligible for the State Register,SHPO
CRM_DOM_RSRCE_NRHP_ELGBLE_AUTH_NM,Rejected By CHS Board of Directors (State Register),Unknown
CRM_DOM_RSRCE_NRHP_ELGBLE_AUTH_NM,Field Assess.: Contrib. to District,Managing Agency
CRM_DOM_RSRCE_NRHP_ELGBLE_AUTH_NM,No assessment given on form,Unknown
CRM_DOM_RSRCE_NRHP_ELGBLE_AUTH_NM,Contributing to a State Register District,SHPO
CRM_DOM_RSRCE_NRHP_ELGBLE_AUTH_NM,Local Landmark,Unknown
CRM_DOM_RSRCE_NRHP_ELGBLE_AUTH_NM,Nomination amendment recommended for approval,Unknown
CRM_DOM_RSRCE_NRHP_ELGBLE_AUTH_NM,Determined Needs Data,SHPO
CRM_DOM_RSRCE_NRHP_ELGBLE_AUTH_NM,Field Eligible for the State Register,Managing Agency
CRM_DOM_RSRCE_NRHP_ELGBLE_AUTH_NM,Listed on the State Register,SHPO
CRM_DOM_RSRCE_NRHP_ELGBLE_AUTH_NM,Field needs data,Managing Agency
CRM_DOM_RSRCE_NRHP_ELGBLE_AUTH_NM,Contributes to NR district,SHPO
CRM_DOM_RSRCE_NRHP_ELGBLE_AUTH_NM,Officially not eligible,SHPO
CRM_DOM_RSRCE_NRHP_ELGBLE_AUTH_NM,Staff - Officially Eligible,SHPO
CRM_DOM_RSRCE_NRHP_ELGBLE_AUTH_NM,Delisted from National Register,SHPO
CRM_DOM_RSRCE_NRHP_ELGBLE_AUTH_NM,Pending in Washington,SHPO
CRM_DOM_RSRCE_NRHP_ELGBLE_AUTH_NM,None,Unknown
CRM_DOM_RSRCE_NRHP_ELGBLE_AUTH_NM,Officially Eligible for the State Register,SHPO
CRM_DOM_RSRCE_NRHP_ELGBLE_AUTH_NM,Within NR district,Unknown
CRM_DOM_RSRCE_NRHP_ELGBLE_AUTH_NM,Expanded,Unknown
CRM_DOM_RSRCE_NRHP_ELGBLE_AUTH_NM,Listed on National Register,Keeper of the National Register
CRM_DOM_RSRCE_NRHP_ELGBLE_AUTH_NM,Supports eligibility of entire linear resource,SHPO
CRM_DOM_RSRCE_NRHP_ELGBLE_AUTH_NM,Rejected by Washington DC for National Register listing,Unknown
CRM_DOM_RSRCE_NRHP_ELGBLE_AUTH_NM,Field Not Eligible for the State Register,Managing Agency
CRM_DOM_RSRCE_NRHP_ELGBLE_AUTH_NM,National Historic Landmark,Keeper of the National Register
CRM_DOM_RSRCE_NRHP_ELGBLE_AUTH_NM,Officially needs data,Unknown
CRM_DOM_RSRCE_NRHP_ELGBLE_AUTH_NM,Does not support eligibility of entire linear resource,SHPO
CRM_DOM_RSRCE_NRHP_ELGBLE_AUTH_NM,Noncontributing to NR district,SHPO
CRM_DOM_RSRCE_NRHP_ELGBLE_AUTH_NM,Within official eligible district,SHPO
CRM_DOM_RSRCE_NRHP_ELGBLE_AUTH_NM,Field Assess.: Non-contributing to District,Managing Agency
CRM_DOM_RSRCE_NRHP_ELGBLE_AUTH_NM,Field not eligible,Managing Agency
CRM_DOM_RSRCE_NRHP_ELGBLE_AUTH_NM,Centennial Farm,SHPO
CRM_DOM_RSRCE_NRHP_ELGBLE_AUTH_NM,Field eligible,Managing Agency
CRM_DOM_RSRCE_NRHP_ELGBLE_AUTH_NM,Recommendation of denial of listing by State Register Review Board,SHPO
CRM_DOM_RSRCE_NRHP_ELGBLE_AUTH_NM,None,Unknown
CRM_DOM_RSRCE_NRHP_ELGBLE_AUTH_NM,Determined not Eligible,SHPO
CRM_DOM_RSRCE_NRHP_ELGBLE_AUTH_NM,Contrib. to Officially elig. dist.,SHPO
CRM_DOM_RSRCE_NRHP_ELGBLE_AUTH_NM,Noncontrib. to Officially elig. dist.,SHPO
CRM_DOM_RSRCE_NRHP_ELGBLE_AUTH_NM,Multiple Resource Component,Unknown
CRM_DOM_RSRCE_NRHP_ELGBLE_AUTH_NM,Within State Register District,Unknown
CRM_DOM_RSRCE_CNDTN_ASSMNT,Archaeomagnetic Date Available,Unknown
CRM_DOM_RSRCE_CNDTN_ASSMNT,Cation-Ratio Date Available,Unknown
CRM_DOM_RSRCE_CNDTN_ASSMNT,Collected,Deteriorating
CRM_DOM_RSRCE_CNDTN_ASSMNT,Dendrochronology Date,Unknown
CRM_DOM_RSRCE_CNDTN_ASSMNT,Destroyed,Destroyed
CRM_DOM_RSRCE_CNDTN_ASSMNT,Deteriorating,Deteriorating
CRM_DOM_RSRCE_CNDTN_ASSMNT,Excavated,Deteriorating
CRM_DOM_RSRCE_CNDTN_ASSMNT,Excellent,Stable
CRM_DOM_RSRCE_CNDTN_ASSMNT,Fair,Deteriorating
CRM_DOM_RSRCE_CNDTN_ASSMNT,Good,Stable
CRM_DOM_RSRCE_CNDTN_ASSMNT,Grazing,Deteriorating
CRM_DOM_RSRCE_CNDTN_ASSMNT,Heavy Disturbance,Imminently Threatened
CRM_DOM_RSRCE_CNDTN_ASSMNT,Light Disturbance,Stable
CRM_DOM_RSRCE_CNDTN_ASSMNT,Moderate Disturb,Deteriorating
CRM_DOM_RSRCE_CNDTN_ASSMNT,Moderate Disturbance,Deteriorating
CRM_DOM_RSRCE_CNDTN_ASSMNT,Moved,Deteriorating
CRM_DOM_RSRCE_CNDTN_ASSMNT,National Register Marker,Not Applicable
CRM_DOM_RSRCE_CNDTN_ASSMNT,Obsidian Hydration Date,Not Applicable
CRM_DOM_RSRCE_CNDTN_ASSMNT,Poor,Imminently Threatened
CRM_DOM_RSRCE_CNDTN_ASSMNT,Radio Carbon Date Available,Not Applicable
CRM_DOM_RSRCE_CNDTN_ASSMNT,Re-Defined Boundary,Not Applicable
CRM_DOM_RSRCE_CNDTN_ASSMNT,Rehabilitated,Stable
CRM_DOM_RSRCE_CNDTN_ASSMNT,Ruins,Deteriorating
CRM_DOM_RSRCE_CNDTN_ASSMNT,Site Not Relocated,Destroyed
CRM_DOM_RSRCE_CNDTN_ASSMNT,Stabilized,Stable
CRM_DOM_RSRCE_CNDTN_ASSMNT,Tested,Unknown
CRM_DOM_RSRCE_CNDTN_ASSMNT,Total Disturbance,Destroyed
CRM_DOM_RSRCE_CNDTN_ASSMNT,Undisturbed,Stable
CRM_DOM_RSRCE_CNDTN_ASSMNT,Vandalized,Imminently Threatened
CRM_DOM_RSRCE_TMPRL_CLTRL_ASGNMNT,ABORIGINAL,Prehistoric
CRM_DOM_RSRCE_TMPRL_CLTRL_ASGNMNT,ABORIGINAL?,Unknown
CRM_DOM_RSRCE_TMPRL_CLTRL_ASGNMNT,AFRICAN AMERICAN,Historic
CRM_DOM_RSRCE_TMPRL_CLTRL_ASGNMNT,AGATE BASIN,Prehistoric
CRM_DOM_RSRCE_TMPRL_CLTRL_ASGNMNT,AGATE BASIN?,Prehistoric
CRM_DOM_RSRCE_TMPRL_CLTRL_ASGNMNT,AMERICAN,Unknown
CRM_DOM_RSRCE_TMPRL_CLTRL_ASGNMNT,AMERICAN ABORIGINAL,Prehistoric
CRM_DOM_RSRCE_TMPRL_CLTRL_ASGNMNT,AMERICAN INDIAN,Historic Native American
CRM_DOM_RSRCE_TMPRL_CLTRL_ASGNMNT,ANASAZI,Prehistoric
CRM_DOM_RSRCE_TMPRL_CLTRL_ASGNMNT,ANASAZI PII,Prehistoric
CRM_DOM_RSRCE_TMPRL_CLTRL_ASGNMNT,ANASAZI PIII,Prehistoric
CRM_DOM_RSRCE_TMPRL_CLTRL_ASGNMNT,ANASAZI PUEBLO II,Prehistoric
CRM_DOM_RSRCE_TMPRL_CLTRL_ASGNMNT,ANASAZI/FREMONT,Prehistoric
CRM_DOM_RSRCE_TMPRL_CLTRL_ASGNMNT,ANASAZI?,Prehistoric
CRM_DOM_RSRCE_TMPRL_CLTRL_ASGNMNT,ANCESTRAL PUEBLOAN,Prehistoric
CRM_DOM_RSRCE_TMPRL_CLTRL_ASGNMNT,ANGLO,Historic
CRM_DOM_RSRCE_TMPRL_CLTRL_ASGNMNT,ANGLO-AMERICAN,Historic
CRM_DOM_RSRCE_TMPRL_CLTRL_ASGNMNT,ANGLO-AMERICAN?,Historic
CRM_DOM_RSRCE_TMPRL_CLTRL_ASGNMNT,ANGLO?,Unknown
CRM_DOM_RSRCE_TMPRL_CLTRL_ASGNMNT,APACHE,Prehistoric
CRM_DOM_RSRCE_TMPRL_CLTRL_ASGNMNT,APEX COMPLEX?,Unknown
CRM_DOM_RSRCE_TMPRL_CLTRL_ASGNMNT,APISHAPA FOCUS?,Prehistoric
CRM_DOM_RSRCE_TMPRL_CLTRL_ASGNMNT,ARAPAHO,Prehistoric
CRM_DOM_RSRCE_TMPRL_CLTRL_ASGNMNT,ARCHAIC,Prehistoric
CRM_DOM_RSRCE_TMPRL_CLTRL_ASGNMNT,ARCHAIC UNCOMPAHGRE COMPLEX,Prehistoric
CRM_DOM_RSRCE_TMPRL_CLTRL_ASGNMNT,ARCHAIC?,Prehistoric
CRM_DOM_RSRCE_TMPRL_CLTRL_ASGNMNT,ARMIJO ARCHAIC,Prehistoric
CRM_DOM_RSRCE_TMPRL_CLTRL_ASGNMNT,ARMIJO ARCHAIC?,Prehistoric
CRM_DOM_RSRCE_TMPRL_CLTRL_ASGNMNT,ASPEN,Historic
CRM_DOM_RSRCE_TMPRL_CLTRL_ASGNMNT,ASPEN TRADITION,Historic
CRM_DOM_RSRCE_TMPRL_CLTRL_ASGNMNT,AUSTRIAN,Historic
CRM_DOM_RSRCE_TMPRL_CLTRL_ASGNMNT,BAJADA,Prehistoric
CRM_DOM_RSRCE_TMPRL_CLTRL_ASGNMNT,BAJADA PHASE,Prehistoric
CRM_DOM_RSRCE_TMPRL_CLTRL_ASGNMNT,BASKETMAKER,Prehistoric
CRM_DOM_RSRCE_TMPRL_CLTRL_ASGNMNT,BASKETMAKER II,Prehistoric
CRM_DOM_RSRCE_TMPRL_CLTRL_ASGNMNT,BASKETMAKER II/III,Prehistoric
CRM_DOM_RSRCE_TMPRL_CLTRL_ASGNMNT,BASKETMAKER II?,Prehistoric
CRM_DOM_RSRCE_TMPRL_CLTRL_ASGNMNT,BASKETMAKER III,Prehistoric
CRM_DOM_RSRCE_TMPRL_CLTRL_ASGNMNT,BASKETMAKER III - PUEBLO I,Prehistoric
CRM_DOM_RSRCE_TMPRL_CLTRL_ASGNMNT,BASKETMAKER III/EARLY PI,Prehistoric
CRM_DOM_RSRCE_TMPRL_CLTRL_ASGNMNT,BASKETMAKER III/PUEBLO I,Prehistoric
CRM_DOM_RSRCE_TMPRL_CLTRL_ASGNMNT,BASKETMAKER III/PUEBLO I/PUEBLO II,Prehistoric
CRM_DOM_RSRCE_TMPRL_CLTRL_ASGNMNT,BASKETMAKER III/PUEBLO I?,Prehistoric
CRM_DOM_RSRCE_TMPRL_CLTRL_ASGNMNT,BASKETMAKER III/PUEBLO III,Prehistoric
CRM_DOM_RSRCE_TMPRL_CLTRL_ASGNMNT,BASKETMAKER III?,Prehistoric
CRM_DOM_RSRCE_TMPRL_CLTRL_ASGNMNT,BASKETMAKER?,Prehistoric
CRM_DOM_RSRCE_TMPRL_CLTRL_ASGNMNT,BASQUE,Historic
CRM_DOM_RSRCE_TMPRL_CLTRL_ASGNMNT,BASQUE?,Historic
CRM_DOM_RSRCE_TMPRL_CLTRL_ASGNMNT,BASQUES,Historic
CRM_DOM_RSRCE_TMPRL_CLTRL_ASGNMNT,BM II,Prehistoric
CRM_DOM_RSRCE_TMPRL_CLTRL_ASGNMNT,BM III,Prehistoric
CRM_DOM_RSRCE_TMPRL_CLTRL_ASGNMNT,BMII,Prehistoric
CRM_DOM_RSRCE_TMPRL_CLTRL_ASGNMNT,BMII?,Prehistoric
CRM_DOM_RSRCE_TMPRL_CLTRL_ASGNMNT,BMIII,Prehistoric
CRM_DOM_RSRCE_TMPRL_CLTRL_ASGNMNT,BMIII-PI,Prehistoric
CRM_DOM_RSRCE_TMPRL_CLTRL_ASGNMNT,BMIII/PI,Prehistoric
CRM_DOM_RSRCE_TMPRL_CLTRL_ASGNMNT,BMIII?,Prehistoric
CRM_DOM_RSRCE_TMPRL_CLTRL_ASGNMNT,CAMEL BACK PHASE,Prehistoric
CRM_DOM_RSRCE_TMPRL_CLTRL_ASGNMNT,CERAMIC,Prehistoric
CRM_DOM_RSRCE_TMPRL_CLTRL_ASGNMNT,CERAMIC PERIOD,Prehistoric
CRM_DOM_RSRCE_TMPRL_CLTRL_ASGNMNT,CERAMIC STAGE,Prehistoric
CRM_DOM_RSRCE_TMPRL_CLTRL_ASGNMNT,CHINESE,Historic
CRM_DOM_RSRCE_TMPRL_CLTRL_ASGNMNT,CLOVIS,Prehistoric
CRM_DOM_RSRCE_TMPRL_CLTRL_ASGNMNT,CLOVIS-LLANO,Prehistoric
CRM_DOM_RSRCE_TMPRL_CLTRL_ASGNMNT,CLOVIS?,Prehistoric
CRM_DOM_RSRCE_TMPRL_CLTRL_ASGNMNT,COAL CREEK PHASE,Prehistoric
CRM_DOM_RSRCE_TMPRL_CLTRL_ASGNMNT,CODY COMPLEX,Prehistoric
CRM_DOM_RSRCE_TMPRL_CLTRL_ASGNMNT,COMANCHE,Prehistoric
CRM_DOM_RSRCE_TMPRL_CLTRL_ASGNMNT,COMANCHE?,Prehistoric
CRM_DOM_RSRCE_TMPRL_CLTRL_ASGNMNT,CULTURAL AFFIL UNKNOWN,Unknown
CRM_DOM_RSRCE_TMPRL_CLTRL_ASGNMNT,DESERT ARCHAIC,Prehistoric
CRM_DOM_RSRCE_TMPRL_CLTRL_ASGNMNT,DESERT COMPLEX,Prehistoric
CRM_DOM_RSRCE_TMPRL_CLTRL_ASGNMNT,DEVELOPMENTAL PUEBLO,Prehistoric
CRM_DOM_RSRCE_TMPRL_CLTRL_ASGNMNT,DINOSAUR,Prehistoric
CRM_DOM_RSRCE_TMPRL_CLTRL_ASGNMNT,DISMAL RIVER,Prehistoric
CRM_DOM_RSRCE_TMPRL_CLTRL_ASGNMNT,DRY CREEK PHASE,Prehistoric
CRM_DOM_RSRCE_TMPRL_CLTRL_ASGNMNT,EARLY 20TH CENTURY,Historic
CRM_DOM_RSRCE_TMPRL_CLTRL_ASGNMNT,EARLY ANASAZI,Prehistoric
CRM_DOM_RSRCE_TMPRL_CLTRL_ASGNMNT,EARLY ANASAZI?,Prehistoric
CRM_DOM_RSRCE_TMPRL_CLTRL_ASGNMNT,EARLY ARCHAIC,Prehistoric
CRM_DOM_RSRCE_TMPRL_CLTRL_ASGNMNT,EARLY ARCHAIC/LATE ARCHAIC,Prehistoric
CRM_DOM_RSRCE_TMPRL_CLTRL_ASGNMNT,EARLY ARCHAIC/MIDDLE ARCHAIC,Prehistoric
CRM_DOM_RSRCE_TMPRL_CLTRL_ASGNMNT,EARLY ARCHAIC?,Prehistoric
CRM_DOM_RSRCE_TMPRL_CLTRL_ASGNMNT,EARLY CASTLE VALLEY PHASE,Prehistoric
CRM_DOM_RSRCE_TMPRL_CLTRL_ASGNMNT,EARLY CERAMIC,Prehistoric
CRM_DOM_RSRCE_TMPRL_CLTRL_ASGNMNT,EARLY CERAMIC?,Prehistoric
CRM_DOM_RSRCE_TMPRL_CLTRL_ASGNMNT,EARLY HISTORIC UTE,Historic Native American
CRM_DOM_RSRCE_TMPRL_CLTRL_ASGNMNT,EARLY LATE PREHISTORIC,Prehistoric
CRM_DOM_RSRCE_TMPRL_CLTRL_ASGNMNT,EARLY LATE PREHISTORIC?,Prehistoric
CRM_DOM_RSRCE_TMPRL_CLTRL_ASGNMNT,EARLY PII,Prehistoric
CRM_DOM_RSRCE_TMPRL_CLTRL_ASGNMNT,EARLY PIII,Prehistoric
CRM_DOM_RSRCE_TMPRL_CLTRL_ASGNMNT,EARLY PLAINS ARCHAIC,Prehistoric
CRM_DOM_RSRCE_TMPRL_CLTRL_ASGNMNT,EARLY POST-ARCHAIC,Prehistoric
CRM_DOM_RSRCE_TMPRL_CLTRL_ASGNMNT,EARLY PREHISTORIC,Prehistoric
CRM_DOM_RSRCE_TMPRL_CLTRL_ASGNMNT,EARLY PUEBLO,Prehistoric
CRM_DOM_RSRCE_TMPRL_CLTRL_ASGNMNT,EARLY PUEBLO I,Prehistoric
CRM_DOM_RSRCE_TMPRL_CLTRL_ASGNMNT,EARLY PUEBLO II,Prehistoric
CRM_DOM_RSRCE_TMPRL_CLTRL_ASGNMNT,EARLY PUEBLO III,Prehistoric
CRM_DOM_RSRCE_TMPRL_CLTRL_ASGNMNT,EARLY PUEBLO III?,Prehistoric
CRM_DOM_RSRCE_TMPRL_CLTRL_ASGNMNT,EARLY SHOSHONEAN,Prehistoric
CRM_DOM_RSRCE_TMPRL_CLTRL_ASGNMNT,EARLY UTE,Prehistoric
CRM_DOM_RSRCE_TMPRL_CLTRL_ASGNMNT,EASTGATE,Prehistoric
CRM_DOM_RSRCE_TMPRL_CLTRL_ASGNMNT,ELKO,Prehistoric
CRM_DOM_RSRCE_TMPRL_CLTRL_ASGNMNT,ELKO?,Prehistoric
CRM_DOM_RSRCE_TMPRL_CLTRL_ASGNMNT,EN MEDIO,Prehistoric
CRM_DOM_RSRCE_TMPRL_CLTRL_ASGNMNT,EN MEDIO?,Prehistoric
CRM_DOM_RSRCE_TMPRL_CLTRL_ASGNMNT,ENGLISH,Historic
CRM_DOM_RSRCE_TMPRL_CLTRL_ASGNMNT,ENMEDIO PHASE,Prehistoric
CRM_DOM_RSRCE_TMPRL_CLTRL_ASGNMNT,ESCALANTE PHASE,Prehistoric
CRM_DOM_RSRCE_TMPRL_CLTRL_ASGNMNT,EURO-AMERICAN,Historic
CRM_DOM_RSRCE_TMPRL_CLTRL_ASGNMNT,EURO-AMERICAN?,Historic
CRM_DOM_RSRCE_TMPRL_CLTRL_ASGNMNT,EUROAMERICAN,Historic
CRM_DOM_RSRCE_TMPRL_CLTRL_ASGNMNT,EUROAMERICAN?,Historic
CRM_DOM_RSRCE_TMPRL_CLTRL_ASGNMNT,EUROPEAN,Historic
CRM_DOM_RSRCE_TMPRL_CLTRL_ASGNMNT,EUROPEAN AMERICAN,Historic
CRM_DOM_RSRCE_TMPRL_CLTRL_ASGNMNT,FOLSOM,Prehistoric
CRM_DOM_RSRCE_TMPRL_CLTRL_ASGNMNT,FOLSOM?,Prehistoric
CRM_DOM_RSRCE_TMPRL_CLTRL_ASGNMNT,FOOTHILLS MOUNTAIN TRADITION,Prehistoric
CRM_DOM_RSRCE_TMPRL_CLTRL_ASGNMNT,FORMATIVE,Prehistoric
CRM_DOM_RSRCE_TMPRL_CLTRL_ASGNMNT,FORMATIVE STAGE,Prehistoric
CRM_DOM_RSRCE_TMPRL_CLTRL_ASGNMNT,FORMATIVE/CERAMIC,Prehistoric
CRM_DOM_RSRCE_TMPRL_CLTRL_ASGNMNT,FORMATIVE?,Prehistoric
CRM_DOM_RSRCE_TMPRL_CLTRL_ASGNMNT,FREMONT,Prehistoric
CRM_DOM_RSRCE_TMPRL_CLTRL_ASGNMNT,FREMONT SALT LAKE GREY,Prehistoric
CRM_DOM_RSRCE_TMPRL_CLTRL_ASGNMNT,FREMONT?,Prehistoric
CRM_DOM_RSRCE_TMPRL_CLTRL_ASGNMNT,GATEWAY,Prehistoric
CRM_DOM_RSRCE_TMPRL_CLTRL_ASGNMNT,GERMAN,Historic
CRM_DOM_RSRCE_TMPRL_CLTRL_ASGNMNT,GOSHEN,Prehistoric
CRM_DOM_RSRCE_TMPRL_CLTRL_ASGNMNT,GREAT BASIN,Prehistoric
CRM_DOM_RSRCE_TMPRL_CLTRL_ASGNMNT,HANNA,Prehistoric
CRM_DOM_RSRCE_TMPRL_CLTRL_ASGNMNT,HELL GAP,Prehistoric
CRM_DOM_RSRCE_TMPRL_CLTRL_ASGNMNT,HELL GAP COMPLEX,Prehistoric
CRM_DOM_RSRCE_TMPRL_CLTRL_ASGNMNT,HISPANIC,Historic
CRM_DOM_RSRCE_TMPRL_CLTRL_ASGNMNT,HISPANIC?,Historic
CRM_DOM_RSRCE_TMPRL_CLTRL_ASGNMNT,HISTORIC,Historic
CRM_DOM_RSRCE_TMPRL_CLTRL_ASGNMNT,HISTORIC ABORIGINAL,Historic Native American
CRM_DOM_RSRCE_TMPRL_CLTRL_ASGNMNT,HISTORIC ANGLO,Historic
CRM_DOM_RSRCE_TMPRL_CLTRL_ASGNMNT,HISTORIC EURO-AMERICAN,Historic
CRM_DOM_RSRCE_TMPRL_CLTRL_ASGNMNT,HISTORIC INDIAN,Historic Native American
CRM_DOM_RSRCE_TMPRL_CLTRL_ASGNMNT,HISTORIC NATIVE AMERICAN,Historic Native American
CRM_DOM_RSRCE_TMPRL_CLTRL_ASGNMNT,HISTORIC NATIVE AMERICAN?,Historic Native American
CRM_DOM_RSRCE_TMPRL_CLTRL_ASGNMNT,HISTORIC NAVAJO,Historic Native American
CRM_DOM_RSRCE_TMPRL_CLTRL_ASGNMNT,HISTORIC NAVAJO?,Historic Native American
CRM_DOM_RSRCE_TMPRL_CLTRL_ASGNMNT,HISTORIC SHEEPHERDERS,Historic
CRM_DOM_RSRCE_TMPRL_CLTRL_ASGNMNT,HISTORIC UTE,Historic Native American
CRM_DOM_RSRCE_TMPRL_CLTRL_ASGNMNT,HISTORIC UTE/NAVAJO,Historic Native American
CRM_DOM_RSRCE_TMPRL_CLTRL_ASGNMNT,HISTORIC UTE?,Historic Native American
CRM_DOM_RSRCE_TMPRL_CLTRL_ASGNMNT,HISTORIC?,Historic
CRM_DOM_RSRCE_TMPRL_CLTRL_ASGNMNT,HOGBACK PHASE?,Prehistoric
CRM_DOM_RSRCE_TMPRL_CLTRL_ASGNMNT,HOMESTEAD PHASE,Prehistoric
CRM_DOM_RSRCE_TMPRL_CLTRL_ASGNMNT,HOPI,Prehistoric
CRM_DOM_RSRCE_TMPRL_CLTRL_ASGNMNT,HORSE FLY PHASE,Prehistoric
CRM_DOM_RSRCE_TMPRL_CLTRL_ASGNMNT,HORSEFLY,Prehistoric
CRM_DOM_RSRCE_TMPRL_CLTRL_ASGNMNT,IRISH,Historic
CRM_DOM_RSRCE_TMPRL_CLTRL_ASGNMNT,IRONSTONE,Prehistoric
CRM_DOM_RSRCE_TMPRL_CLTRL_ASGNMNT,IRONSTONE PHASE,Prehistoric
CRM_DOM_RSRCE_TMPRL_CLTRL_ASGNMNT,IRONSTONE PHASE?,Prehistoric
CRM_DOM_RSRCE_TMPRL_CLTRL_ASGNMNT,ITALIAN,Historic
CRM_DOM_RSRCE_TMPRL_CLTRL_ASGNMNT,JAPANESE?,Historic
CRM_DOM_RSRCE_TMPRL_CLTRL_ASGNMNT,LA SAL ANASAZI?,Prehistoric
CRM_DOM_RSRCE_TMPRL_CLTRL_ASGNMNT,LATE-ARCHAIC,Prehistoric
CRM_DOM_RSRCE_TMPRL_CLTRL_ASGNMNT,LATE ANCESTRAL PUEBLO,Prehistoric
CRM_DOM_RSRCE_TMPRL_CLTRL_ASGNMNT,LATE APEX,Prehistoric
CRM_DOM_RSRCE_TMPRL_CLTRL_ASGNMNT,LATE ARCHAIC,Prehistoric
CRM_DOM_RSRCE_TMPRL_CLTRL_ASGNMNT,LATE ARCHAIC-FORMATIVE,Prehistoric
CRM_DOM_RSRCE_TMPRL_CLTRL_ASGNMNT,LATE ARCHAIC/EARLY CERAMIC,Prehistoric
CRM_DOM_RSRCE_TMPRL_CLTRL_ASGNMNT,LATE ARCHAIC?,Prehistoric
CRM_DOM_RSRCE_TMPRL_CLTRL_ASGNMNT,LATE BASKETMAKER III,Prehistoric
CRM_DOM_RSRCE_TMPRL_CLTRL_ASGNMNT,LATE CERAMIC,Prehistoric
CRM_DOM_RSRCE_TMPRL_CLTRL_ASGNMNT,LATE FREMONT,Prehistoric
CRM_DOM_RSRCE_TMPRL_CLTRL_ASGNMNT,LATE LATE PREHISTORIC,Prehistoric
CRM_DOM_RSRCE_TMPRL_CLTRL_ASGNMNT,LATE PALEO-INDIAN,Prehistoric
CRM_DOM_RSRCE_TMPRL_CLTRL_ASGNMNT,LATE PALEO-INDIAN?,Prehistoric
CRM_DOM_RSRCE_TMPRL_CLTRL_ASGNMNT,LATE PALEOINDIAN,Prehistoric
CRM_DOM_RSRCE_TMPRL_CLTRL_ASGNMNT,LATE PII,Prehistoric
CRM_DOM_RSRCE_TMPRL_CLTRL_ASGNMNT,LATE PIII?,Prehistoric
CRM_DOM_RSRCE_TMPRL_CLTRL_ASGNMNT,LATE PLAINS ARCHAIC,Prehistoric
CRM_DOM_RSRCE_TMPRL_CLTRL_ASGNMNT,LATE PLAINS ARCHAIC?,Prehistoric
CRM_DOM_RSRCE_TMPRL_CLTRL_ASGNMNT,LATE PLAINS PREHISTORIC,Prehistoric
CRM_DOM_RSRCE_TMPRL_CLTRL_ASGNMNT,LATE PREHISTORIC,Prehistoric
CRM_DOM_RSRCE_TMPRL_CLTRL_ASGNMNT,LATE PREHISTORIC PERIOD,Prehistoric
CRM_DOM_RSRCE_TMPRL_CLTRL_ASGNMNT,LATE PREHISTORIC PERIOD?,Prehistoric
CRM_DOM_RSRCE_TMPRL_CLTRL_ASGNMNT,LATE PREHISTORIC PLAINS,Prehistoric
CRM_DOM_RSRCE_TMPRL_CLTRL_ASGNMNT,LATE PREHISTORIC UTE,Prehistoric
CRM_DOM_RSRCE_TMPRL_CLTRL_ASGNMNT,LATE PREHISTORIC UTE?,Prehistoric
CRM_DOM_RSRCE_TMPRL_CLTRL_ASGNMNT,LATE PREHISTORIC?,Prehistoric
CRM_DOM_RSRCE_TMPRL_CLTRL_ASGNMNT,LATE PUEBLO,Prehistoric
CRM_DOM_RSRCE_TMPRL_CLTRL_ASGNMNT,LATE PUEBLO II,Prehistoric
CRM_DOM_RSRCE_TMPRL_CLTRL_ASGNMNT,LATE PUEBLO II?,Prehistoric
CRM_DOM_RSRCE_TMPRL_CLTRL_ASGNMNT,LATE PUEBLO III,Prehistoric
CRM_DOM_RSRCE_TMPRL_CLTRL_ASGNMNT,LATE UTE,Prehistoric
CRM_DOM_RSRCE_TMPRL_CLTRL_ASGNMNT,MAGIC MOUNTAIN COMPLEX,Prehistoric
CRM_DOM_RSRCE_TMPRL_CLTRL_ASGNMNT,MCKEAN,Prehistoric
CRM_DOM_RSRCE_TMPRL_CLTRL_ASGNMNT,MCKEAN COMPLEX,Prehistoric
CRM_DOM_RSRCE_TMPRL_CLTRL_ASGNMNT,MCKEAN COMPLEX?,Prehistoric
CRM_DOM_RSRCE_TMPRL_CLTRL_ASGNMNT,MEXICAN,Historic
CRM_DOM_RSRCE_TMPRL_CLTRL_ASGNMNT,MIDDLE ARCHAIC,Prehistoric
CRM_DOM_RSRCE_TMPRL_CLTRL_ASGNMNT,MIDDLE ARCHAIC/LATE ARCHAIC?,Prehistoric
CRM_DOM_RSRCE_TMPRL_CLTRL_ASGNMNT,MIDDLE ARCHAIC?,Prehistoric
CRM_DOM_RSRCE_TMPRL_CLTRL_ASGNMNT,MIDDLE CERAMIC,Prehistoric
CRM_DOM_RSRCE_TMPRL_CLTRL_ASGNMNT,MIDDLE CERAMIC/PROTOHISTORIC,Prehistoric
CRM_DOM_RSRCE_TMPRL_CLTRL_ASGNMNT,MIDDLE PLAINS ARCHAIC,Prehistoric
CRM_DOM_RSRCE_TMPRL_CLTRL_ASGNMNT,MINING ERA 1870-1900,Historic
CRM_DOM_RSRCE_TMPRL_CLTRL_ASGNMNT,MOUNTAIN PREHISTORIC,Prehistoric
CRM_DOM_RSRCE_TMPRL_CLTRL_ASGNMNT,MOUNTAIN TRADITION,Prehistoric
CRM_DOM_RSRCE_TMPRL_CLTRL_ASGNMNT,NATIVE AMERICAN,Prehistoric
CRM_DOM_RSRCE_TMPRL_CLTRL_ASGNMNT,NAVAJO,Prehistoric
CRM_DOM_RSRCE_TMPRL_CLTRL_ASGNMNT,NAVAJO?,Prehistoric
CRM_DOM_RSRCE_TMPRL_CLTRL_ASGNMNT,NONE GIVEN,Unknown
CRM_DOM_RSRCE_TMPRL_CLTRL_ASGNMNT,NORTH AMERICAN ABORIGINAL,Prehistoric
CRM_DOM_RSRCE_TMPRL_CLTRL_ASGNMNT,NORTHERN UTE,Prehistoric
CRM_DOM_RSRCE_TMPRL_CLTRL_ASGNMNT,NOT ON FORM,Unknown
CRM_DOM_RSRCE_TMPRL_CLTRL_ASGNMNT,NUMIC,Prehistoric
CRM_DOM_RSRCE_TMPRL_CLTRL_ASGNMNT,NUMIC?,Prehistoric
CRM_DOM_RSRCE_TMPRL_CLTRL_ASGNMNT,OSHARA,Prehistoric
CRM_DOM_RSRCE_TMPRL_CLTRL_ASGNMNT,OSHARA TRADITION,Prehistoric
CRM_DOM_RSRCE_TMPRL_CLTRL_ASGNMNT,OTHER CULTURE,Unknown
CRM_DOM_RSRCE_TMPRL_CLTRL_ASGNMNT,P II,Prehistoric
CRM_DOM_RSRCE_TMPRL_CLTRL_ASGNMNT,PAIUTE,Prehistoric
CRM_DOM_RSRCE_TMPRL_CLTRL_ASGNMNT,PALEO-INDIAN,Prehistoric
CRM_DOM_RSRCE_TMPRL_CLTRL_ASGNMNT,PALEO-INDIAN?,Prehistoric
CRM_DOM_RSRCE_TMPRL_CLTRL_ASGNMNT,PALEO INDIAN,Prehistoric
CRM_DOM_RSRCE_TMPRL_CLTRL_ASGNMNT,PALEO?,Prehistoric
CRM_DOM_RSRCE_TMPRL_CLTRL_ASGNMNT,PALEOINDIAN,Prehistoric
CRM_DOM_RSRCE_TMPRL_CLTRL_ASGNMNT,PALEOINDIAN?,Prehistoric
CRM_DOM_RSRCE_TMPRL_CLTRL_ASGNMNT,PARKER,Unknown
CRM_DOM_RSRCE_TMPRL_CLTRL_ASGNMNT,PI,Prehistoric
CRM_DOM_RSRCE_TMPRL_CLTRL_ASGNMNT,PI/PII,Prehistoric
CRM_DOM_RSRCE_TMPRL_CLTRL_ASGNMNT,PI?,Prehistoric
CRM_DOM_RSRCE_TMPRL_CLTRL_ASGNMNT,PII,Prehistoric
CRM_DOM_RSRCE_TMPRL_CLTRL_ASGNMNT,PII/PIII,Prehistoric
CRM_DOM_RSRCE_TMPRL_CLTRL_ASGNMNT,PII?,Prehistoric
CRM_DOM_RSRCE_TMPRL_CLTRL_ASGNMNT,PIII,Prehistoric
CRM_DOM_RSRCE_TMPRL_CLTRL_ASGNMNT,PIII?,Prehistoric
CRM_DOM_RSRCE_TMPRL_CLTRL_ASGNMNT,PINTO BASIN,Prehistoric
CRM_DOM_RSRCE_TMPRL_CLTRL_ASGNMNT,PINTO BASIN?,Prehistoric
CRM_DOM_RSRCE_TMPRL_CLTRL_ASGNMNT,PLAINS,Prehistoric
CRM_DOM_RSRCE_TMPRL_CLTRL_ASGNMNT,PLAINS ARCHAIC,Prehistoric
CRM_DOM_RSRCE_TMPRL_CLTRL_ASGNMNT,PLAINS WOODLAND,Prehistoric
CRM_DOM_RSRCE_TMPRL_CLTRL_ASGNMNT,PLAINS WOODLAND?,Prehistoric
CRM_DOM_RSRCE_TMPRL_CLTRL_ASGNMNT,PLANO,Prehistoric
CRM_DOM_RSRCE_TMPRL_CLTRL_ASGNMNT,PLANO?,Prehistoric
CRM_DOM_RSRCE_TMPRL_CLTRL_ASGNMNT,POST ARCHAIC,Prehistoric
CRM_DOM_RSRCE_TMPRL_CLTRL_ASGNMNT,POST ARCHAIC?,Prehistoric
CRM_DOM_RSRCE_TMPRL_CLTRL_ASGNMNT,PRE-CLOVIS,Prehistoric
CRM_DOM_RSRCE_TMPRL_CLTRL_ASGNMNT,PRE-NUMIC,Prehistoric
CRM_DOM_RSRCE_TMPRL_CLTRL_ASGNMNT,PREHISTORIC,Prehistoric
CRM_DOM_RSRCE_TMPRL_CLTRL_ASGNMNT,PREHISTORIC ABORIGINAL,Prehistoric
CRM_DOM_RSRCE_TMPRL_CLTRL_ASGNMNT,PREHISTORIC AMERICAN INDIAN,Prehistoric
CRM_DOM_RSRCE_TMPRL_CLTRL_ASGNMNT,PREHISTORIC ANASAZI,Prehistoric
CRM_DOM_RSRCE_TMPRL_CLTRL_ASGNMNT,PREHISTORIC ANASAZI UNKNOWN,Prehistoric
CRM_DOM_RSRCE_TMPRL_CLTRL_ASGNMNT,PREHISTORIC FORMATIVE,Prehistoric
CRM_DOM_RSRCE_TMPRL_CLTRL_ASGNMNT,PREHISTORIC NATIVE AMERICAN,Prehistoric
CRM_DOM_RSRCE_TMPRL_CLTRL_ASGNMNT,PREHISTORIC UNKNOWN,Prehistoric
CRM_DOM_RSRCE_TMPRL_CLTRL_ASGNMNT,PREHISTORIC UTE,Prehistoric
CRM_DOM_RSRCE_TMPRL_CLTRL_ASGNMNT,PREHISTORIC UTE?,Prehistoric
CRM_DOM_RSRCE_TMPRL_CLTRL_ASGNMNT,PREHISTORIC?,Prehistoric
CRM_DOM_RSRCE_TMPRL_CLTRL_ASGNMNT,PROTO-HISTORIC,Protohistoric
CRM_DOM_RSRCE_TMPRL_CLTRL_ASGNMNT,PROTO-HISTORIC?,Protohistoric
CRM_DOM_RSRCE_TMPRL_CLTRL_ASGNMNT,PROTOHISTORIC,Protohistoric
CRM_DOM_RSRCE_TMPRL_CLTRL_ASGNMNT,PROTOHISTORIC UTE,Protohistoric
CRM_DOM_RSRCE_TMPRL_CLTRL_ASGNMNT,PROTOHISTORIC UTE?,Protohistoric
CRM_DOM_RSRCE_TMPRL_CLTRL_ASGNMNT,PROTOHISTORIC/HISTORIC,Protohistoric
CRM_DOM_RSRCE_TMPRL_CLTRL_ASGNMNT,PROTOHISTORIC/HISTORIC UTE?,Protohistoric
CRM_DOM_RSRCE_TMPRL_CLTRL_ASGNMNT,PROTOHISTORIC?,Protohistoric
CRM_DOM_RSRCE_TMPRL_CLTRL_ASGNMNT,PUEBLO,Prehistoric
CRM_DOM_RSRCE_TMPRL_CLTRL_ASGNMNT,PUEBLO I,Prehistoric
CRM_DOM_RSRCE_TMPRL_CLTRL_ASGNMNT,PUEBLO I/II/III,Prehistoric
CRM_DOM_RSRCE_TMPRL_CLTRL_ASGNMNT,PUEBLO I/PUEBLO II,Prehistoric
CRM_DOM_RSRCE_TMPRL_CLTRL_ASGNMNT,PUEBLO I/PUEBLO II?,Prehistoric
CRM_DOM_RSRCE_TMPRL_CLTRL_ASGNMNT,PUEBLO I?,Prehistoric
CRM_DOM_RSRCE_TMPRL_CLTRL_ASGNMNT,PUEBLO II,Prehistoric
CRM_DOM_RSRCE_TMPRL_CLTRL_ASGNMNT,PUEBLO II/III,Prehistoric
CRM_DOM_RSRCE_TMPRL_CLTRL_ASGNMNT,PUEBLO II/III?,Prehistoric
CRM_DOM_RSRCE_TMPRL_CLTRL_ASGNMNT,PUEBLO II/PUEBLO III,Prehistoric
CRM_DOM_RSRCE_TMPRL_CLTRL_ASGNMNT,PUEBLO II/PUEBLO III?,Prehistoric
CRM_DOM_RSRCE_TMPRL_CLTRL_ASGNMNT,PUEBLO II?,Prehistoric
CRM_DOM_RSRCE_TMPRL_CLTRL_ASGNMNT,PUEBLO III,Prehistoric
CRM_DOM_RSRCE_TMPRL_CLTRL_ASGNMNT,PUEBLO III?,Prehistoric
CRM_DOM_RSRCE_TMPRL_CLTRL_ASGNMNT,PUEBLO IV,Prehistoric
CRM_DOM_RSRCE_TMPRL_CLTRL_ASGNMNT,PUEBLO?,Prehistoric
CRM_DOM_RSRCE_TMPRL_CLTRL_ASGNMNT,PUEBLOAN?,Prehistoric
CRM_DOM_RSRCE_TMPRL_CLTRL_ASGNMNT,ROSE SPRING,Prehistoric
CRM_DOM_RSRCE_TMPRL_CLTRL_ASGNMNT,ROSEGATE,Prehistoric
CRM_DOM_RSRCE_TMPRL_CLTRL_ASGNMNT,ROUBIDEAU PHASE,Prehistoric
CRM_DOM_RSRCE_TMPRL_CLTRL_ASGNMNT,SAN JOSE,Prehistoric
CRM_DOM_RSRCE_TMPRL_CLTRL_ASGNMNT,SAN JOSE PHASE,Prehistoric
CRM_DOM_RSRCE_TMPRL_CLTRL_ASGNMNT,SAN PEDRO,Prehistoric
CRM_DOM_RSRCE_TMPRL_CLTRL_ASGNMNT,SCALLORN?,Prehistoric
CRM_DOM_RSRCE_TMPRL_CLTRL_ASGNMNT,SCOTTISH,Historic
CRM_DOM_RSRCE_TMPRL_CLTRL_ASGNMNT,SHAVANO PHASE,Prehistoric
CRM_DOM_RSRCE_TMPRL_CLTRL_ASGNMNT,SHOSHONE,Prehistoric
CRM_DOM_RSRCE_TMPRL_CLTRL_ASGNMNT,SHOSHONE?,Prehistoric
CRM_DOM_RSRCE_TMPRL_CLTRL_ASGNMNT,SHOSHONEAN,Prehistoric
CRM_DOM_RSRCE_TMPRL_CLTRL_ASGNMNT,SHOSHONEAN?,Prehistoric
CRM_DOM_RSRCE_TMPRL_CLTRL_ASGNMNT,SPANISH,Historic
CRM_DOM_RSRCE_TMPRL_CLTRL_ASGNMNT,SPANISH AMERICAN,Historic
CRM_DOM_RSRCE_TMPRL_CLTRL_ASGNMNT,SWEDISH,Historic
CRM_DOM_RSRCE_TMPRL_CLTRL_ASGNMNT,TEWA PUEBLO,Prehistoric
CRM_DOM_RSRCE_TMPRL_CLTRL_ASGNMNT,UINTA,Prehistoric
CRM_DOM_RSRCE_TMPRL_CLTRL_ASGNMNT,UINTA VARIANT,Prehistoric
CRM_DOM_RSRCE_TMPRL_CLTRL_ASGNMNT,UNCOMPAHGRE,Prehistoric
CRM_DOM_RSRCE_TMPRL_CLTRL_ASGNMNT,UNCOMPAHGRE COMPLEX,Prehistoric
CRM_DOM_RSRCE_TMPRL_CLTRL_ASGNMNT,UNDETERMINED,Prehistoric
CRM_DOM_RSRCE_TMPRL_CLTRL_ASGNMNT,UNDETERMINED ABORIGINAL,Prehistoric
CRM_DOM_RSRCE_TMPRL_CLTRL_ASGNMNT,UNDETERMINED PREHISTORIC,Prehistoric
CRM_DOM_RSRCE_TMPRL_CLTRL_ASGNMNT,UNKNOWN,Unknown
CRM_DOM_RSRCE_TMPRL_CLTRL_ASGNMNT,UNKNOWN ABORIGINAL,Unknown
CRM_DOM_RSRCE_TMPRL_CLTRL_ASGNMNT,UNKNOWN AMERICAN INDIAN,Unknown
CRM_DOM_RSRCE_TMPRL_CLTRL_ASGNMNT,UNKNOWN ANASAZI,Prehistoric
CRM_DOM_RSRCE_TMPRL_CLTRL_ASGNMNT,UNKNOWN HISTORIC,Historic
CRM_DOM_RSRCE_TMPRL_CLTRL_ASGNMNT,UNKNOWN NATIVE AMERICAN,Unknown
CRM_DOM_RSRCE_TMPRL_CLTRL_ASGNMNT,UNKNOWN PREHISTORIC,Prehistoric
CRM_DOM_RSRCE_TMPRL_CLTRL_ASGNMNT,UNKNOWN PREHISTORIC ABORIGINAL,Prehistoric
CRM_DOM_RSRCE_TMPRL_CLTRL_ASGNMNT,UNKNOWN PREHISTORIC?,Prehistoric
CRM_DOM_RSRCE_TMPRL_CLTRL_ASGNMNT,UNKNOWN PROTOHISTORIC,Protohistoric
CRM_DOM_RSRCE_TMPRL_CLTRL_ASGNMNT,UNKNOWN PUEBLOAN,Prehistoric
CRM_DOM_RSRCE_TMPRL_CLTRL_ASGNMNT,UTE,Prehistoric
CRM_DOM_RSRCE_TMPRL_CLTRL_ASGNMNT,UTE-NUMIC SPEAKERS,Prehistoric
CRM_DOM_RSRCE_TMPRL_CLTRL_ASGNMNT,UTE CONTACT,Protohistoric
CRM_DOM_RSRCE_TMPRL_CLTRL_ASGNMNT,UTE?,Prehistoric
CRM_DOM_RSRCE_TMPRL_CLTRL_ASGNMNT,WOODLAND,Prehistoric
CRM_DOM_RSRCE_TMPRL_CLTRL_ASGNMNT,WOODLAND?,Prehistoric
CRM_DOM_RSRCE_PRMRY_CAT,AGRICULTURAL COMPLEX,Agricultural
CRM_DOM_RSRCE_PRMRY_CAT,AGRICULTURAL FIELD,Agricultural
CRM_DOM_RSRCE_PRMRY_CAT,AGRICULTURE,Agricultural
CRM_DOM_RSRCE_PRMRY_CAT,FARM IMPLEMENTS,Agricultural
CRM_DOM_RSRCE_PRMRY_CAT,FARMING/RANCHING,Agricultural
CRM_DOM_RSRCE_PRMRY_CAT,GRANARY,Agricultural
CRM_DOM_RSRCE_PRMRY_CAT,HAY STORAGE,Agricultural
CRM_DOM_RSRCE_PRMRY_CAT,HOTEL,Commercial
CRM_DOM_RSRCE_PRMRY_CAT,RESTAURANT,Commercial
CRM_DOM_RSRCE_PRMRY_CAT,TELEGRAPH LINE,Communication
CRM_DOM_RSRCE_PRMRY_CAT,TELEPHONE LINE,Communication
CRM_DOM_RSRCE_PRMRY_CAT,CADASTRAL MARKER,Government
CRM_DOM_RSRCE_PRMRY_CAT,BLACKSMITH AREA,Industrial
CRM_DOM_RSRCE_PRMRY_CAT,COKE OVENS,Industrial
CRM_DOM_RSRCE_PRMRY_CAT,COMPRESSOR,Industrial
CRM_DOM_RSRCE_PRMRY_CAT,COMPRESSOR HOUSE,Industrial
CRM_DOM_RSRCE_PRMRY_CAT,CONSTRUCTION,Industrial
CRM_DOM_RSRCE_PRMRY_CAT,EQUIPMENT MACHINERY,Industrial
CRM_DOM_RSRCE_PRMRY_CAT,HOIST,Industrial
CRM_DOM_RSRCE_PRMRY_CAT,HOIST HOUSE,Industrial
CRM_DOM_RSRCE_PRMRY_CAT,INDUSTRIAL COMPLEX,Industrial
CRM_DOM_RSRCE_PRMRY_CAT,LIME KILN,Industrial
CRM_DOM_RSRCE_PRMRY_CAT,MACHINERY MOUNTS,Industrial
CRM_DOM_RSRCE_PRMRY_CAT,MACHINERY STORAGE,Industrial
CRM_DOM_RSRCE_PRMRY_CAT,PLANT,Industrial
CRM_DOM_RSRCE_PRMRY_CAT,SMELTER,Industrial
CRM_DOM_RSRCE_PRMRY_CAT,LOGGING CAMP,Logging
CRM_DOM_RSRCE_PRMRY_CAT,LOGGING ROAD,Logging
CRM_DOM_RSRCE_PRMRY_CAT,LUMBER CAMP,Logging
CRM_DOM_RSRCE_PRMRY_CAT,LUMBER MILL,Logging
CRM_DOM_RSRCE_PRMRY_CAT,LUMBER STORAGE,Logging
CRM_DOM_RSRCE_PRMRY_CAT,LUMBER-SAW MILL,Logging
CRM_DOM_RSRCE_PRMRY_CAT,SAWMILL,Logging
CRM_DOM_RSRCE_PRMRY_CAT,WOOD CUTTING AREA,Logging
CRM_DOM_RSRCE_PRMRY_CAT,BATTLE SITE,Military
CRM_DOM_RSRCE_PRMRY_CAT,FORT,Military
CRM_DOM_RSRCE_PRMRY_CAT,FORTIFICATION,Military
CRM_DOM_RSRCE_PRMRY_CAT,ADIT,Mining
CRM_DOM_RSRCE_PRMRY_CAT,ADITS,Mining
CRM_DOM_RSRCE_PRMRY_CAT,AIR SHAFT,Mining
CRM_DOM_RSRCE_PRMRY_CAT,BORROW PIT?,Mining
CRM_DOM_RSRCE_PRMRY_CAT,CLAIM MARKER,Mining
CRM_DOM_RSRCE_PRMRY_CAT,CLAY,Mining
CRM_DOM_RSRCE_PRMRY_CAT,CLAY QUARRY,Mining
CRM_DOM_RSRCE_PRMRY_CAT,COAL CAMP,Mining
CRM_DOM_RSRCE_PRMRY_CAT,COAL MINE,Mining
CRM_DOM_RSRCE_PRMRY_CAT,COLLAPSED MINING TUNNEL,Mining
CRM_DOM_RSRCE_PRMRY_CAT,COPPER MINE,Mining
CRM_DOM_RSRCE_PRMRY_CAT,DRILL HOLE,Mining
CRM_DOM_RSRCE_PRMRY_CAT,DRILLED ROCK,Mining
CRM_DOM_RSRCE_PRMRY_CAT,DUMP-TAILINGS,Mining
CRM_DOM_RSRCE_PRMRY_CAT,GOLD MINE,Mining
CRM_DOM_RSRCE_PRMRY_CAT,GRAVEL PIT,Mining
CRM_DOM_RSRCE_PRMRY_CAT,HARD ROCK MINING,Mining
CRM_DOM_RSRCE_PRMRY_CAT,HEADFRAME,Mining
CRM_DOM_RSRCE_PRMRY_CAT,HISTORIC MINE,Mining
CRM_DOM_RSRCE_PRMRY_CAT,MILL,Mining
CRM_DOM_RSRCE_PRMRY_CAT,MILL?,Mining
CRM_DOM_RSRCE_PRMRY_CAT,MILLS,Mining
CRM_DOM_RSRCE_PRMRY_CAT,MINE,Mining
CRM_DOM_RSRCE_PRMRY_CAT,MINE COMPLEX,Mining
CRM_DOM_RSRCE_PRMRY_CAT,MINE PITS,Mining
CRM_DOM_RSRCE_PRMRY_CAT,MINE SHAFT,Mining
CRM_DOM_RSRCE_PRMRY_CAT,MINE SHAFTS,Mining
CRM_DOM_RSRCE_PRMRY_CAT,MINE?,Mining
CRM_DOM_RSRCE_PRMRY_CAT,MINES,Mining
CRM_DOM_RSRCE_PRMRY_CAT,MINING,Mining
CRM_DOM_RSRCE_PRMRY_CAT,MINING CABIN,Mining
CRM_DOM_RSRCE_PRMRY_CAT,MINING CAMP,Mining
CRM_DOM_RSRCE_PRMRY_CAT,MINING CAMP?,Mining
CRM_DOM_RSRCE_PRMRY_CAT,MINING COMPLEX,Mining
CRM_DOM_RSRCE_PRMRY_CAT,MINING DISTRICT,Mining
CRM_DOM_RSRCE_PRMRY_CAT,MINING DUMP,Mining
CRM_DOM_RSRCE_PRMRY_CAT,MINING EQUIPMENT,Mining
CRM_DOM_RSRCE_PRMRY_CAT,MINING TOWN,Mining
CRM_DOM_RSRCE_PRMRY_CAT,MISC STRUCTURE,Mining
CRM_DOM_RSRCE_PRMRY_CAT,ORE CHUTE,Mining
CRM_DOM_RSRCE_PRMRY_CAT,ORE CHUTE-BIN,Mining
CRM_DOM_RSRCE_PRMRY_CAT,OTHER QUARRY,Mining
CRM_DOM_RSRCE_PRMRY_CAT,PLACER,Mining
CRM_DOM_RSRCE_PRMRY_CAT,PLACER MINING,Mining
CRM_DOM_RSRCE_PRMRY_CAT,POWDER HOUSE,Mining
CRM_DOM_RSRCE_PRMRY_CAT,QUARRY,Mining
CRM_DOM_RSRCE_PRMRY_CAT,QUARRY COMPLEX,Mining
CRM_DOM_RSRCE_PRMRY_CAT,QUARRY PIT,Mining
CRM_DOM_RSRCE_PRMRY_CAT,QUARRY?,Mining
CRM_DOM_RSRCE_PRMRY_CAT,QUARRY-STONE,Mining
CRM_DOM_RSRCE_PRMRY_CAT,ROCK QUARRY,Mining
CRM_DOM_RSRCE_PRMRY_CAT,SHAFT,Mining
CRM_DOM_RSRCE_PRMRY_CAT,SHAFT HOUSE,Mining
CRM_DOM_RSRCE_PRMRY_CAT,SHAFTS,Mining
CRM_DOM_RSRCE_PRMRY_CAT,STONE QUARRY,Mining
CRM_DOM_RSRCE_PRMRY_CAT,STONE QUARRY?,Mining
CRM_DOM_RSRCE_PRMRY_CAT,STOPE,Mining
CRM_DOM_RSRCE_PRMRY_CAT,TAILINGS,Mining
CRM_DOM_RSRCE_PRMRY_CAT,TAILINGS PILE,Mining
CRM_DOM_RSRCE_PRMRY_CAT,TAILINGS PILES,Mining
CRM_DOM_RSRCE_PRMRY_CAT,TAILINGS POND,Mining
CRM_DOM_RSRCE_PRMRY_CAT,NATURAL GAS FACILITY,Oil and Gas
CRM_DOM_RSRCE_PRMRY_CAT,OIL WELL SITE,Oil and Gas
CRM_DOM_RSRCE_PRMRY_CAT,MINE PROSPECT,Prospecting
CRM_DOM_RSRCE_PRMRY_CAT,MINING PROSPECT,Prospecting
CRM_DOM_RSRCE_PRMRY_CAT,PIT,Prospecting
CRM_DOM_RSRCE_PRMRY_CAT,PROSPECT PIT,Prospecting
CRM_DOM_RSRCE_PRMRY_CAT,PROSPECT PIT?,Prospecting
CRM_DOM_RSRCE_PRMRY_CAT,PROSPECT PITS,Prospecting
CRM_DOM_RSRCE_PRMRY_CAT,PROSPECT SHAFT,Prospecting
CRM_DOM_RSRCE_PRMRY_CAT,ANIMAL CONTROL FEATURE,Ranching
CRM_DOM_RSRCE_PRMRY_CAT,ANIMAL FACILITY,Ranching
CRM_DOM_RSRCE_PRMRY_CAT,ANIMAL PEN,Ranching
CRM_DOM_RSRCE_PRMRY_CAT,ANIMAL PEN?,Ranching
CRM_DOM_RSRCE_PRMRY_CAT,BARBED WIRE FENCE,Ranching
CRM_DOM_RSRCE_PRMRY_CAT,BARN,Ranching
CRM_DOM_RSRCE_PRMRY_CAT,BRUSH CORRAL,Ranching
CRM_DOM_RSRCE_PRMRY_CAT,BRUSH ENCLOSURE,Ranching
CRM_DOM_RSRCE_PRMRY_CAT,BRUSH FENCE,Ranching
CRM_DOM_RSRCE_PRMRY_CAT,CATTLE TRAIL,Ranching
CRM_DOM_RSRCE_PRMRY_CAT,CATTLE TROUGH,Ranching
CRM_DOM_RSRCE_PRMRY_CAT,CORRAL,Ranching
CRM_DOM_RSRCE_PRMRY_CAT,CORRAL?,Ranching
CRM_DOM_RSRCE_PRMRY_CAT,CORRALS,Ranching
CRM_DOM_RSRCE_PRMRY_CAT,FENCE,Ranching
CRM_DOM_RSRCE_PRMRY_CAT,FENCELINE,Ranching
CRM_DOM_RSRCE_PRMRY_CAT,FENCES,Ranching
CRM_DOM_RSRCE_PRMRY_CAT,HERDING CAMP,Ranching
CRM_DOM_RSRCE_PRMRY_CAT,HISTORIC CORRAL,Ranching
CRM_DOM_RSRCE_PRMRY_CAT,HISTORIC SHEEPHERDERS?,Ranching
CRM_DOM_RSRCE_PRMRY_CAT,LAMBING PEN,Ranching
CRM_DOM_RSRCE_PRMRY_CAT,LINE-HERDING CAMP,Ranching
CRM_DOM_RSRCE_PRMRY_CAT,LIVESTOCK ENCLOSURE,Ranching
CRM_DOM_RSRCE_PRMRY_CAT,PEN,Ranching
CRM_DOM_RSRCE_PRMRY_CAT,PENS,Ranching
CRM_DOM_RSRCE_PRMRY_CAT,RANCH,Ranching
CRM_DOM_RSRCE_PRMRY_CAT,RANCH COMPLEX,Ranching
CRM_DOM_RSRCE_PRMRY_CAT,RANCHING,Ranching
CRM_DOM_RSRCE_PRMRY_CAT,RANCHING STRUCTURES,Ranching
CRM_DOM_RSRCE_PRMRY_CAT,SHEEP CAMP,Ranching
CRM_DOM_RSRCE_PRMRY_CAT,SHEEP CAMP?,Ranching
CRM_DOM_RSRCE_PRMRY_CAT,SHEEP HERDING,Ranching
CRM_DOM_RSRCE_PRMRY_CAT,SHEEP TRAIL,Ranching
CRM_DOM_RSRCE_PRMRY_CAT,STOCK AND WATER UNDERPASS,Ranching
CRM_DOM_RSRCE_PRMRY_CAT,STOCK CONTAINMENT,Ranching
CRM_DOM_RSRCE_PRMRY_CAT,STOCK FENCE,Ranching
CRM_DOM_RSRCE_PRMRY_CAT,STOCK LOADING PEN,Ranching
CRM_DOM_RSRCE_PRMRY_CAT,STOCK POND,Ranching
CRM_DOM_RSRCE_PRMRY_CAT,STOCK TANK,Ranching
CRM_DOM_RSRCE_PRMRY_CAT,TROUGH,Ranching
CRM_DOM_RSRCE_PRMRY_CAT,MINERAL HOT SPRINGS,Recreation
CRM_DOM_RSRCE_PRMRY_CAT,PLAYGROUND,Recreation
CRM_DOM_RSRCE_PRMRY_CAT,SKI AREA,Recreation
CRM_DOM_RSRCE_PRMRY_CAT,BOARDING HOUSE,Residential
CRM_DOM_RSRCE_PRMRY_CAT,CABIN,Residential
CRM_DOM_RSRCE_PRMRY_CAT,CABIN FOUNDATION,Residential
CRM_DOM_RSRCE_PRMRY_CAT,CABIN SITE,Residential
CRM_DOM_RSRCE_PRMRY_CAT,CABINS,Residential
CRM_DOM_RSRCE_PRMRY_CAT,DOMESTIC,Residential
CRM_DOM_RSRCE_PRMRY_CAT,DWELLING,Residential
CRM_DOM_RSRCE_PRMRY_CAT,DWELLINGS,Residential
CRM_DOM_RSRCE_PRMRY_CAT,GARAGE,Residential
CRM_DOM_RSRCE_PRMRY_CAT,HABITATION,Residential
CRM_DOM_RSRCE_PRMRY_CAT,HABITATION/VILLAGE,Residential
CRM_DOM_RSRCE_PRMRY_CAT,HABITATION?,Residential
CRM_DOM_RSRCE_PRMRY_CAT,HISTORIC HABITATION,Residential
CRM_DOM_RSRCE_PRMRY_CAT,HOGAN,Residential
CRM_DOM_RSRCE_PRMRY_CAT,HOMESTEAD,Residential
CRM_DOM_RSRCE_PRMRY_CAT,HOMESTEAD: 1870-1920,Residential
CRM_DOM_RSRCE_PRMRY_CAT,HOMESTEAD?,Residential
CRM_DOM_RSRCE_PRMRY_CAT,HOUSE,Residential
CRM_DOM_RSRCE_PRMRY_CAT,LOG CABIN,Residential
CRM_DOM_RSRCE_PRMRY_CAT,LOG CABINS,Residential
CRM_DOM_RSRCE_PRMRY_CAT,MASONRY FOUNDATION,Residential
CRM_DOM_RSRCE_PRMRY_CAT,MASONRY STRUCTURE,Residential
CRM_DOM_RSRCE_PRMRY_CAT,OPEN ARCHITECTURAL,Residential
CRM_DOM_RSRCE_PRMRY_CAT,OPEN ARCHITECTURAL?,Residential
CRM_DOM_RSRCE_PRMRY_CAT,OUTBUILDING,Residential
CRM_DOM_RSRCE_PRMRY_CAT,OUTHOUSE,Residential
CRM_DOM_RSRCE_PRMRY_CAT,PRIVY,Residential
CRM_DOM_RSRCE_PRMRY_CAT,RESIDENTIAL COMPLEX,Residential
CRM_DOM_RSRCE_PRMRY_CAT,ROCK FOUNDATION,Residential
CRM_DOM_RSRCE_PRMRY_CAT,ROCK SHELTER,Residential
CRM_DOM_RSRCE_PRMRY_CAT,ROCKSHELTER,Residential
CRM_DOM_RSRCE_PRMRY_CAT,ROCKSHELTERS,Residential
CRM_DOM_RSRCE_PRMRY_CAT,ROOT CELLAR,Residential
CRM_DOM_RSRCE_PRMRY_CAT,ROOT CELLAR?,Residential
CRM_DOM_RSRCE_PRMRY_CAT,SANDSTONE FOUNDATIONS,Residential
CRM_DOM_RSRCE_PRMRY_CAT,SHED,Residential
CRM_DOM_RSRCE_PRMRY_CAT,SHELTERED ARCHITECTURAL,Residential
CRM_DOM_RSRCE_PRMRY_CAT,SHELTERED ARCHITECTURAL?,Residential
CRM_DOM_RSRCE_PRMRY_CAT,SINGLE DWELLING,Residential
CRM_DOM_RSRCE_PRMRY_CAT,STONE FOUNDATION,Residential
CRM_DOM_RSRCE_PRMRY_CAT,STONE FOUNDATIONS,Residential
CRM_DOM_RSRCE_PRMRY_CAT,STONE STRUCTURE,Residential
CRM_DOM_RSRCE_PRMRY_CAT,STORAGE,Residential
CRM_DOM_RSRCE_PRMRY_CAT,STORAGE ROOM,Residential
CRM_DOM_RSRCE_PRMRY_CAT,STORAGE SHED,Residential
CRM_DOM_RSRCE_PRMRY_CAT,STORAGE STRUCTURE,Residential
CRM_DOM_RSRCE_PRMRY_CAT,STORAGE STRUCTURES,Residential
CRM_DOM_RSRCE_PRMRY_CAT,STORAGE?,Residential
CRM_DOM_RSRCE_PRMRY_CAT,CITY-TOWN,Settlement
CRM_DOM_RSRCE_PRMRY_CAT,COMPANY TOWN,Settlement
CRM_DOM_RSRCE_PRMRY_CAT,SETTLEMENT,Settlement
CRM_DOM_RSRCE_PRMRY_CAT,TOWNSITE,Settlement
CRM_DOM_RSRCE_PRMRY_CAT,ASPEN ART,Specialty Site
CRM_DOM_RSRCE_PRMRY_CAT,ASPEN CARVINGS,Specialty Site
CRM_DOM_RSRCE_PRMRY_CAT,BURIAL,Specialty Site
CRM_DOM_RSRCE_PRMRY_CAT,BURIAL?,Specialty Site
CRM_DOM_RSRCE_PRMRY_CAT,BURIALS,Specialty Site
CRM_DOM_RSRCE_PRMRY_CAT,CAIRN,Specialty Site
CRM_DOM_RSRCE_PRMRY_CAT,CAIRNS,Specialty Site
CRM_DOM_RSRCE_PRMRY_CAT,CEMETERY,Specialty Site
CRM_DOM_RSRCE_PRMRY_CAT,CEMETERY-NO BLDGS,Specialty Site
CRM_DOM_RSRCE_PRMRY_CAT,CEREMONIAL,Specialty Site
CRM_DOM_RSRCE_PRMRY_CAT,CEREMONIAL FEATURE,Specialty Site
CRM_DOM_RSRCE_PRMRY_CAT,CEREMONIAL?,Specialty Site
CRM_DOM_RSRCE_PRMRY_CAT,DINOSAUR BONE,Specialty Site
CRM_DOM_RSRCE_PRMRY_CAT,FOSSIL,Specialty Site
CRM_DOM_RSRCE_PRMRY_CAT,FOSSILIZED BONE,Specialty Site
CRM_DOM_RSRCE_PRMRY_CAT,FOSSILS,Specialty Site
CRM_DOM_RSRCE_PRMRY_CAT,GRAVE,Specialty Site
CRM_DOM_RSRCE_PRMRY_CAT,GRAVE SITE,Specialty Site
CRM_DOM_RSRCE_PRMRY_CAT,GRAVE?,Specialty Site
CRM_DOM_RSRCE_PRMRY_CAT,HELIOGRAPH STATION,Specialty Site
CRM_DOM_RSRCE_PRMRY_CAT,HIDEOUT,Specialty Site
CRM_DOM_RSRCE_PRMRY_CAT,HISTORIC CAIRN,Specialty Site
CRM_DOM_RSRCE_PRMRY_CAT,HISTORIC CEMETERY,Specialty Site
CRM_DOM_RSRCE_PRMRY_CAT,HISTORIC GRAVE,Specialty Site
CRM_DOM_RSRCE_PRMRY_CAT,HITCHING POST,Specialty Site
CRM_DOM_RSRCE_PRMRY_CAT,HUMAN BURIAL,Specialty Site
CRM_DOM_RSRCE_PRMRY_CAT,INSCRIPTION,Specialty Site
CRM_DOM_RSRCE_PRMRY_CAT,ORCHARD,Specialty Site
CRM_DOM_RSRCE_PRMRY_CAT,PALEONTOLOGICAL,Specialty Site
CRM_DOM_RSRCE_PRMRY_CAT,PALEONTOLOGY,Specialty Site
CRM_DOM_RSRCE_PRMRY_CAT,PECKED GROOVES,Specialty Site
CRM_DOM_RSRCE_PRMRY_CAT,PETROGLYPH,Specialty Site
CRM_DOM_RSRCE_PRMRY_CAT,PETROGLYPH PANEL,Specialty Site
CRM_DOM_RSRCE_PRMRY_CAT,PETROGLYPHS,Specialty Site
CRM_DOM_RSRCE_PRMRY_CAT,PICNIC AREA,Specialty Site
CRM_DOM_RSRCE_PRMRY_CAT,PICTOGRAPH,Specialty Site
CRM_DOM_RSRCE_PRMRY_CAT,RELIGION,Specialty Site
CRM_DOM_RSRCE_PRMRY_CAT,ROCK ALIGNMENT,Specialty Site
CRM_DOM_RSRCE_PRMRY_CAT,ROCK ALIGNMENTS,Specialty Site
CRM_DOM_RSRCE_PRMRY_CAT,ROCK ART,Specialty Site
CRM_DOM_RSRCE_PRMRY_CAT,ROCK ART PANEL,Specialty Site
CRM_DOM_RSRCE_PRMRY_CAT,ROCK ART PANELS,Specialty Site
CRM_DOM_RSRCE_PRMRY_CAT,ROCK ART?,Specialty Site
CRM_DOM_RSRCE_PRMRY_CAT,ROCK CAIRN,Specialty Site
CRM_DOM_RSRCE_PRMRY_CAT,ROCK CARVING,Specialty Site
CRM_DOM_RSRCE_PRMRY_CAT,SCARRED TREE,Specialty Site
CRM_DOM_RSRCE_PRMRY_CAT,SCARRED TREES,Specialty Site
CRM_DOM_RSRCE_PRMRY_CAT,SCHOOL,Specialty Site
CRM_DOM_RSRCE_PRMRY_CAT,SCHOOL SITE,Specialty Site
CRM_DOM_RSRCE_PRMRY_CAT,SCHOOLHOUSE,Specialty Site
CRM_DOM_RSRCE_PRMRY_CAT,SHRINE,Specialty Site
CRM_DOM_RSRCE_PRMRY_CAT,STONE ALIGNMENT,Specialty Site
CRM_DOM_RSRCE_PRMRY_CAT,STONE ALIGNMENTS,Specialty Site
CRM_DOM_RSRCE_PRMRY_CAT,SWEAT LODGE,Specialty Site
CRM_DOM_RSRCE_PRMRY_CAT,SWEATLODGE?,Specialty Site
CRM_DOM_RSRCE_PRMRY_CAT,TRADITIONAL CULTURAL PROPERTY,Specialty Site
CRM_DOM_RSRCE_PRMRY_CAT,TREE CARVING,Specialty Site
CRM_DOM_RSRCE_PRMRY_CAT,VISION QUEST?,Specialty Site
CRM_DOM_RSRCE_PRMRY_CAT,ARTIFACT CLUSTER,Task Specific
CRM_DOM_RSRCE_PRMRY_CAT,ARTIFACT SCATTER,Task Specific
CRM_DOM_RSRCE_PRMRY_CAT,ASH LENS,Task Specific
CRM_DOM_RSRCE_PRMRY_CAT,AUTO PARTS,Task Specific
CRM_DOM_RSRCE_PRMRY_CAT,BONE CONCENTRATION,Task Specific
CRM_DOM_RSRCE_PRMRY_CAT,BUTCHERING SITE,Task Specific
CRM_DOM_RSRCE_PRMRY_CAT,CACHE,Task Specific
CRM_DOM_RSRCE_PRMRY_CAT,CAMBIUM TREE,Task Specific
CRM_DOM_RSRCE_PRMRY_CAT,CAMBIUM TREES,Task Specific
CRM_DOM_RSRCE_PRMRY_CAT,CHARCOAL CONCENTRATION,Task Specific
CRM_DOM_RSRCE_PRMRY_CAT,CHARCOAL LENS,Task Specific
CRM_DOM_RSRCE_PRMRY_CAT,CHARCOAL PRODUCTION,Task Specific
CRM_DOM_RSRCE_PRMRY_CAT,CHUTE,Task Specific
CRM_DOM_RSRCE_PRMRY_CAT,DEADFALL TRAP,Task Specific
CRM_DOM_RSRCE_PRMRY_CAT,DUMP,Task Specific
CRM_DOM_RSRCE_PRMRY_CAT,DUMP?,Task Specific
CRM_DOM_RSRCE_PRMRY_CAT,GAME BLIND,Task Specific
CRM_DOM_RSRCE_PRMRY_CAT,GAME BLINDS,Task Specific
CRM_DOM_RSRCE_PRMRY_CAT,GAME DRIVE,Task Specific
CRM_DOM_RSRCE_PRMRY_CAT,GAME DRIVE?,Task Specific
CRM_DOM_RSRCE_PRMRY_CAT,GAME PROCESSING,Task Specific
CRM_DOM_RSRCE_PRMRY_CAT,GAME TRAP,Task Specific
CRM_DOM_RSRCE_PRMRY_CAT,HORSE TRAP,Task Specific
CRM_DOM_RSRCE_PRMRY_CAT,HUNTING BLIND,Task Specific
CRM_DOM_RSRCE_PRMRY_CAT,HUNTING BLIND?,Task Specific
CRM_DOM_RSRCE_PRMRY_CAT,HUNTING CABIN,Task Specific
CRM_DOM_RSRCE_PRMRY_CAT,HUNTING CAMP,Task Specific
CRM_DOM_RSRCE_PRMRY_CAT,KILL SITE,Task Specific
CRM_DOM_RSRCE_PRMRY_CAT,KILL SITE?,Task Specific
CRM_DOM_RSRCE_PRMRY_CAT,KILN,Task Specific
CRM_DOM_RSRCE_PRMRY_CAT,KILNS,Task Specific
CRM_DOM_RSRCE_PRMRY_CAT,KNAPPING LOCALE,Task Specific
CRM_DOM_RSRCE_PRMRY_CAT,LITHIC,Task Specific
CRM_DOM_RSRCE_PRMRY_CAT,LITHIC PROCUREMENT,Task Specific
CRM_DOM_RSRCE_PRMRY_CAT,LITHIC PROCUREMENT AREA,Task Specific
CRM_DOM_RSRCE_PRMRY_CAT,LITHIC QUARRY,Task Specific
CRM_DOM_RSRCE_PRMRY_CAT,LOAD OUT,Task Specific
CRM_DOM_RSRCE_PRMRY_CAT,OVEN,Task Specific
CRM_DOM_RSRCE_PRMRY_CAT,OVENS,Task Specific
CRM_DOM_RSRCE_PRMRY_CAT,POLE CACHE,Task Specific
CRM_DOM_RSRCE_PRMRY_CAT,POTATO CELLAR,Task Specific
CRM_DOM_RSRCE_PRMRY_CAT,RAMP,Task Specific
CRM_DOM_RSRCE_PRMRY_CAT,RANGER STATION,Task Specific
CRM_DOM_RSRCE_PRMRY_CAT,SIPHON,Task Specific
CRM_DOM_RSRCE_PRMRY_CAT,SNOW SPLITTERS,Task Specific
CRM_DOM_RSRCE_PRMRY_CAT,SURVEY MARKER,Task Specific
CRM_DOM_RSRCE_PRMRY_CAT,TIPPLE,Task Specific
CRM_DOM_RSRCE_PRMRY_CAT,TRACK,Task Specific
CRM_DOM_RSRCE_PRMRY_CAT,TRAP,Task Specific
CRM_DOM_RSRCE_PRMRY_CAT,WAY STATION,Task Specific
CRM_DOM_RSRCE_PRMRY_CAT,WIND BREAK,Task Specific
CRM_DOM_RSRCE_PRMRY_CAT,WINDBREAK,Task Specific
CRM_DOM_RSRCE_PRMRY_CAT,WINDBREAK?,Task Specific
CRM_DOM_RSRCE_PRMRY_CAT,WINDMILL,Task Specific
CRM_DOM_RSRCE_PRMRY_CAT,CAMP,Temporary Camp
CRM_DOM_RSRCE_PRMRY_CAT,CAMP COMPLEX,Temporary Camp
CRM_DOM_RSRCE_PRMRY_CAT,CAMP SITE,Temporary Camp
CRM_DOM_RSRCE_PRMRY_CAT,CAMP?,Temporary Camp
CRM_DOM_RSRCE_PRMRY_CAT,CAMPSITE,Temporary Camp
CRM_DOM_RSRCE_PRMRY_CAT,CAMPSITE?,Temporary Camp
CRM_DOM_RSRCE_PRMRY_CAT,HEARTH,Temporary camp
CRM_DOM_RSRCE_PRMRY_CAT,LEANER,Temporary Camp
CRM_DOM_RSRCE_PRMRY_CAT,LEAN-TO,Temporary Camp
CRM_DOM_RSRCE_PRMRY_CAT,OPEN CAMP,Temporary Camp
CRM_DOM_RSRCE_PRMRY_CAT,OPEN CAMP?,Temporary Camp
CRM_DOM_RSRCE_PRMRY_CAT,OPEN LITHIC,Temporary Camp
CRM_DOM_RSRCE_PRMRY_CAT,SHELTER,Temporary camp
CRM_DOM_RSRCE_PRMRY_CAT,SHELTER?,Temporary camp
CRM_DOM_RSRCE_PRMRY_CAT,SHELTERED CAMP,Temporary Camp
CRM_DOM_RSRCE_PRMRY_CAT,SHELTERED CAMP?,Temporary Camp
CRM_DOM_RSRCE_PRMRY_CAT,SHELTERED LITHIC,Temporary Camp
CRM_DOM_RSRCE_PRMRY_CAT,SHELTERED LITHIC?,Temporary Camp
CRM_DOM_RSRCE_PRMRY_CAT,TEMPORARY CAMP,Temporary Camp
CRM_DOM_RSRCE_PRMRY_CAT,UTE CAMP,Temporary camp
CRM_DOM_RSRCE_PRMRY_CAT,WICKIUP,Temporary camp
CRM_DOM_RSRCE_PRMRY_CAT,CCC CAMP,Temporary Historic Site
CRM_DOM_RSRCE_PRMRY_CAT,COLLAPSED STRUCTURE,Temporary Historic Site
CRM_DOM_RSRCE_PRMRY_CAT,COW CAMP,Temporary Historic Site
CRM_DOM_RSRCE_PRMRY_CAT,COW CAMP?,Temporary Historic Site
CRM_DOM_RSRCE_PRMRY_CAT,DUGOUT,Temporary Historic Site
CRM_DOM_RSRCE_PRMRY_CAT,DUGOUTS,Temporary Historic Site
CRM_DOM_RSRCE_PRMRY_CAT,FOUNDATION,Temporary Historic Site
CRM_DOM_RSRCE_PRMRY_CAT,FOUNDATIONS,Temporary Historic Site
CRM_DOM_RSRCE_PRMRY_CAT,GLASS SCATTER,Temporary Historic Site
CRM_DOM_RSRCE_PRMRY_CAT,HISTORIC ARTIFACT SCATTER,Temporary Historic Site
CRM_DOM_RSRCE_PRMRY_CAT,HISTORIC CAMP?,Temporary Historic Site
CRM_DOM_RSRCE_PRMRY_CAT,HISTORIC CAMPSITE,Temporary Historic Site
CRM_DOM_RSRCE_PRMRY_CAT,HISTORIC DEPRESSIONS,Temporary Historic Site
CRM_DOM_RSRCE_PRMRY_CAT,HISTORIC FOUNDATION,Temporary Historic Site
CRM_DOM_RSRCE_PRMRY_CAT,HISTORIC FOUNDATIONS,Temporary Historic Site
CRM_DOM_RSRCE_PRMRY_CAT,HISTORIC ROCKSHELTER,Temporary Historic Site
CRM_DOM_RSRCE_PRMRY_CAT,HISTORIC TRASH DUMP,Temporary Historic Site
CRM_DOM_RSRCE_PRMRY_CAT,LINE CAMP,Temporary Historic Site
CRM_DOM_RSRCE_PRMRY_CAT,LINE CAMP?,Temporary Historic Site
CRM_DOM_RSRCE_PRMRY_CAT,LINE SHACK,Temporary Historic Site
CRM_DOM_RSRCE_PRMRY_CAT,LOG BUILDINGS,Temporary Historic Site
CRM_DOM_RSRCE_PRMRY_CAT,LOG FEATURE,Temporary Historic Site
CRM_DOM_RSRCE_PRMRY_CAT,LOG PLATFORM,Temporary Historic Site
CRM_DOM_RSRCE_PRMRY_CAT,LOG STRUCTURE,Temporary Historic Site
CRM_DOM_RSRCE_PRMRY_CAT,SHEPHERD CAMP,Temporary Historic Site
CRM_DOM_RSRCE_PRMRY_CAT,SHEPHERDS' CAMP,Temporary Historic Site
CRM_DOM_RSRCE_PRMRY_CAT,TEMPORARY HABITATION,Temporary Historic Site
CRM_DOM_RSRCE_PRMRY_CAT,TEMPORARY SHELTER,Temporary Historic Site
CRM_DOM_RSRCE_PRMRY_CAT,TENT FOUNDATION,Temporary Historic Site
CRM_DOM_RSRCE_PRMRY_CAT,TENT PLATFORM,Temporary Historic Site
CRM_DOM_RSRCE_PRMRY_CAT,TIN CAN SCATTER,Temporary Historic Site
CRM_DOM_RSRCE_PRMRY_CAT,TRASH,Temporary Historic Site
CRM_DOM_RSRCE_PRMRY_CAT,TRASH CONCENTRATION,Temporary Historic Site
CRM_DOM_RSRCE_PRMRY_CAT,TRASH DUMP,Temporary Historic Site
CRM_DOM_RSRCE_PRMRY_CAT,TRASH PIT,Temporary Historic Site
CRM_DOM_RSRCE_PRMRY_CAT,TRASH SCATTER,Temporary Historic Site
CRM_DOM_RSRCE_PRMRY_CAT,TRASH SCATTER-CONE,Temporary Historic Site
CRM_DOM_RSRCE_PRMRY_CAT,WOODEN STRUCTURE,Temporary Historic Site
CRM_DOM_RSRCE_PRMRY_CAT,AIRSTRIP,Transportation
CRM_DOM_RSRCE_PRMRY_CAT,BOXCAR,Transportation
CRM_DOM_RSRCE_PRMRY_CAT,BRIDGE,Transportation
CRM_DOM_RSRCE_PRMRY_CAT,BRIDGE ABUTMENT,Transportation
CRM_DOM_RSRCE_PRMRY_CAT,BRIDGE?,Transportation
CRM_DOM_RSRCE_PRMRY_CAT,CABLE TRAMWAY,Transportation
CRM_DOM_RSRCE_PRMRY_CAT,FOOTBRIDGE,Transportation
CRM_DOM_RSRCE_PRMRY_CAT,HIGHWAY,Transportation
CRM_DOM_RSRCE_PRMRY_CAT,JEEP TRAIL,Transportation
CRM_DOM_RSRCE_PRMRY_CAT,MOUNTAIN PASS,Transportation
CRM_DOM_RSRCE_PRMRY_CAT,NARROW GAUGE,Transportation
CRM_DOM_RSRCE_PRMRY_CAT,PACK TRAIL,Transportation
CRM_DOM_RSRCE_PRMRY_CAT,PAVED ROAD,Transportation
CRM_DOM_RSRCE_PRMRY_CAT,RAILROAD,Transportation
CRM_DOM_RSRCE_PRMRY_CAT,RAILROAD BED,Transportation
CRM_DOM_RSRCE_PRMRY_CAT,RAILROAD BRIDGE,Transportation
CRM_DOM_RSRCE_PRMRY_CAT,RAILROAD CAMP,Transportation
CRM_DOM_RSRCE_PRMRY_CAT,RAILROAD DEPOT,Transportation
CRM_DOM_RSRCE_PRMRY_CAT,RAILROAD GRADE,Transportation
CRM_DOM_RSRCE_PRMRY_CAT,RAILROAD SIDING,Transportation
CRM_DOM_RSRCE_PRMRY_CAT,RAILROAD SIGNAL,Transportation
CRM_DOM_RSRCE_PRMRY_CAT,RAILROAD SPUR,Transportation
CRM_DOM_RSRCE_PRMRY_CAT,RAILROAD STATION,Transportation
CRM_DOM_RSRCE_PRMRY_CAT,RAILS,Transportation
CRM_DOM_RSRCE_PRMRY_CAT,ROAD,Transportation
CRM_DOM_RSRCE_PRMRY_CAT,ROAD BED,Transportation
CRM_DOM_RSRCE_PRMRY_CAT,ROAD SEGMENT,Transportation
CRM_DOM_RSRCE_PRMRY_CAT,RUNWAY,Transportation
CRM_DOM_RSRCE_PRMRY_CAT,SECTION HOUSE,Transportation
CRM_DOM_RSRCE_PRMRY_CAT,SEGMENT,Transportation
CRM_DOM_RSRCE_PRMRY_CAT,STAGE ROAD,Transportation
CRM_DOM_RSRCE_PRMRY_CAT,STAGE STATION,Transportation
CRM_DOM_RSRCE_PRMRY_CAT,STAGE STOP,Transportation
CRM_DOM_RSRCE_PRMRY_CAT,SUSPENSION BRIDGE,Transportation
CRM_DOM_RSRCE_PRMRY_CAT,TOLL ROAD,Transportation
CRM_DOM_RSRCE_PRMRY_CAT,TRAIL,Transportation
CRM_DOM_RSRCE_PRMRY_CAT,TRAIL/ROAD,Transportation
CRM_DOM_RSRCE_PRMRY_CAT,TRAIL-FOOTPATH,Transportation
CRM_DOM_RSRCE_PRMRY_CAT,TRAM TOWER,Transportation
CRM_DOM_RSRCE_PRMRY_CAT,TRAMWAY,Transportation
CRM_DOM_RSRCE_PRMRY_CAT,TRANSPORTATION,Transportation
CRM_DOM_RSRCE_PRMRY_CAT,TRESTLE,Transportation
CRM_DOM_RSRCE_PRMRY_CAT,TUNNEL,Transportation
CRM_DOM_RSRCE_PRMRY_CAT,TWO TRACK ROAD,Transportation
CRM_DOM_RSRCE_PRMRY_CAT,UNPAVED ROAD,Transportation
CRM_DOM_RSRCE_PRMRY_CAT,WAGON ROAD,Transportation
CRM_DOM_RSRCE_PRMRY_CAT,ABANDONED SITE,Unknown
CRM_DOM_RSRCE_PRMRY_CAT,ABUTMENT,Unknown
CRM_DOM_RSRCE_PRMRY_CAT,BUILDING,Unknown
CRM_DOM_RSRCE_PRMRY_CAT,BUILDINGS,Unknown
CRM_DOM_RSRCE_PRMRY_CAT,CAVE,Unknown
CRM_DOM_RSRCE_PRMRY_CAT,COBBLE ALIGNMENT,Unknown
CRM_DOM_RSRCE_PRMRY_CAT,CONSERVATION AREA,Unknown
CRM_DOM_RSRCE_PRMRY_CAT,DEPRESSION,Unknown
CRM_DOM_RSRCE_PRMRY_CAT,DEPRESSIONS,Unknown
CRM_DOM_RSRCE_PRMRY_CAT,ENCLOSURE,Unknown
CRM_DOM_RSRCE_PRMRY_CAT,GEOGRAPHIC FEATURE,Unknown
CRM_DOM_RSRCE_PRMRY_CAT,GRAFFITI,Unknown
CRM_DOM_RSRCE_PRMRY_CAT,HISTORIC,Unknown
CRM_DOM_RSRCE_PRMRY_CAT,HISTORIC?,Unknown
CRM_DOM_RSRCE_PRMRY_CAT,ISOLATED ARTIFACT,Unknown
CRM_DOM_RSRCE_PRMRY_CAT,ISOLATED FEATURE,Unknown
CRM_DOM_RSRCE_PRMRY_CAT,ISOLATED FEATURE?,Unknown
CRM_DOM_RSRCE_PRMRY_CAT,ISOLATED FIND,Unknown
CRM_DOM_RSRCE_PRMRY_CAT,JUNIPER POST,Unknown
CRM_DOM_RSRCE_PRMRY_CAT,LANDMARK,Unknown
CRM_DOM_RSRCE_PRMRY_CAT,LANDSCAPE,Unknown
CRM_DOM_RSRCE_PRMRY_CAT,LINEAR,Unknown
CRM_DOM_RSRCE_PRMRY_CAT,MARKER,Unknown
CRM_DOM_RSRCE_PRMRY_CAT,MARKERS,Unknown
CRM_DOM_RSRCE_PRMRY_CAT,NATURAL FEATURE,Unknown
CRM_DOM_RSRCE_PRMRY_CAT,NOT ON FORM,Unknown
CRM_DOM_RSRCE_PRMRY_CAT,Null,Unknown
CRM_DOM_RSRCE_PRMRY_CAT,OBJECT,Unknown
CRM_DOM_RSRCE_PRMRY_CAT,OTHER HIST SITE TYPE,Unknown
CRM_DOM_RSRCE_PRMRY_CAT,PLATFORM,Unknown
CRM_DOM_RSRCE_PRMRY_CAT,ROCK PILE,Unknown
CRM_DOM_RSRCE_PRMRY_CAT,ROCK PILES,Unknown
CRM_DOM_RSRCE_PRMRY_CAT,RUBBLE MOUND,Unknown
CRM_DOM_RSRCE_PRMRY_CAT,RUBBLE PILE,Unknown
CRM_DOM_RSRCE_PRMRY_CAT,RUIN,Unknown
CRM_DOM_RSRCE_PRMRY_CAT,RUINS,Unknown
CRM_DOM_RSRCE_PRMRY_CAT,RUTS,Unknown
CRM_DOM_RSRCE_PRMRY_CAT,SALTED SITE,Unknown
CRM_DOM_RSRCE_PRMRY_CAT,SANDSTONE MOUNDS,Unknown
CRM_DOM_RSRCE_PRMRY_CAT,STONE MOUND,Unknown
CRM_DOM_RSRCE_PRMRY_CAT,STRUCTURAL REMAINS,Unknown
CRM_DOM_RSRCE_PRMRY_CAT,STRUCTURE,Unknown
CRM_DOM_RSRCE_PRMRY_CAT,STRUCTURE?,Unknown
CRM_DOM_RSRCE_PRMRY_CAT,STRUCTURES,Unknown
CRM_DOM_RSRCE_PRMRY_CAT,TERRACE,Unknown
CRM_DOM_RSRCE_PRMRY_CAT,TOE HOLDS,Unknown
CRM_DOM_RSRCE_PRMRY_CAT,UNKNOWN,Unknown
CRM_DOM_RSRCE_PRMRY_CAT,WIRE,Unknown
CRM_DOM_RSRCE_PRMRY_CAT,ELECTRIC POWER,Utilities
CRM_DOM_RSRCE_PRMRY_CAT,ELECTRICAL WIRING,Utilities
CRM_DOM_RSRCE_PRMRY_CAT,HYDROELECTRIC POWER PLANT,Utilities
CRM_DOM_RSRCE_PRMRY_CAT,HYDROELECTRIC POWER PLANT COMPLEX,Utilities
CRM_DOM_RSRCE_PRMRY_CAT,POWERLINE,Utilities
CRM_DOM_RSRCE_PRMRY_CAT,TRANSMISSION LINE,Utilities
CRM_DOM_RSRCE_PRMRY_CAT,AQUEDUCT,Water Storage and Conveyance
CRM_DOM_RSRCE_PRMRY_CAT,ARTESIAN WELL,Water Storage and Conveyance
CRM_DOM_RSRCE_PRMRY_CAT,BOX CULVERT,Water Storage and Conveyance
CRM_DOM_RSRCE_PRMRY_CAT,CANAL,Water Storage and Conveyance
CRM_DOM_RSRCE_PRMRY_CAT,CANAL-DITCH,Water Storage and Conveyance
CRM_DOM_RSRCE_PRMRY_CAT,CHECK DAM,Water Storage and Conveyance
CRM_DOM_RSRCE_PRMRY_CAT,CHECK DAMS,Water Storage and Conveyance
CRM_DOM_RSRCE_PRMRY_CAT,CHECK-CONVERSION DAM,Water Storage and Conveyance
CRM_DOM_RSRCE_PRMRY_CAT,CISTERN,Water Storage and Conveyance
CRM_DOM_RSRCE_PRMRY_CAT,CULVERT,Water Storage and Conveyance
CRM_DOM_RSRCE_PRMRY_CAT,CULVERT CROSSING,Water Storage and Conveyance
CRM_DOM_RSRCE_PRMRY_CAT,DAM,Water Storage and Conveyance
CRM_DOM_RSRCE_PRMRY_CAT,DITCH,Water Storage and Conveyance
CRM_DOM_RSRCE_PRMRY_CAT,DIVERSION DITCH,Water Storage and Conveyance
CRM_DOM_RSRCE_PRMRY_CAT,EARTHEN DAM,Water Storage and Conveyance
CRM_DOM_RSRCE_PRMRY_CAT,FLUME,Water Storage and Conveyance
CRM_DOM_RSRCE_PRMRY_CAT,FLUME-SLUICE,Water Storage and Conveyance
CRM_DOM_RSRCE_PRMRY_CAT,IRRIGATION,Water Storage and Conveyance
CRM_DOM_RSRCE_PRMRY_CAT,IRRIGATION DITCH,Water Storage and Conveyance
CRM_DOM_RSRCE_PRMRY_CAT,IRRIGATION FACILITY,Water Storage and Conveyance
CRM_DOM_RSRCE_PRMRY_CAT,IRRIGATION LATERAL,Water Storage and Conveyance
CRM_DOM_RSRCE_PRMRY_CAT,IRRIGATION SYSTEM,Water Storage and Conveyance
CRM_DOM_RSRCE_PRMRY_CAT,LEVEE,Water Storage and Conveyance
CRM_DOM_RSRCE_PRMRY_CAT,LEVIES,Water Storage and Conveyance
CRM_DOM_RSRCE_PRMRY_CAT,PIPELINE,Water Storage and Conveyance
CRM_DOM_RSRCE_PRMRY_CAT,POND,Water Storage and Conveyance
CRM_DOM_RSRCE_PRMRY_CAT,RESERVOIR,Water Storage and Conveyance
CRM_DOM_RSRCE_PRMRY_CAT,SPILLWAY,Water Storage and Conveyance
CRM_DOM_RSRCE_PRMRY_CAT,SPRING,Water Storage and Conveyance
CRM_DOM_RSRCE_PRMRY_CAT,SPRING DEVELOPMENT,Water Storage and Conveyance
CRM_DOM_RSRCE_PRMRY_CAT,SPRING IMPROVEMENT,Water Storage and Conveyance
CRM_DOM_RSRCE_PRMRY_CAT,WALL,Water Storage and Conveyance
CRM_DOM_RSRCE_PRMRY_CAT,WATER CATCHMENT BASIN,Water Storage and Conveyance
CRM_DOM_RSRCE_PRMRY_CAT,WATER CONTROL,Water Storage and Conveyance
CRM_DOM_RSRCE_PRMRY_CAT,WATER CONTROL FEATURE,Water Storage and Conveyance
CRM_DOM_RSRCE_PRMRY_CAT,WATER CONTROL SYSTEM,Water Storage and Conveyance
CRM_DOM_RSRCE_PRMRY_CAT,WATER DIVERSION,Water Storage and Conveyance
CRM_DOM_RSRCE_PRMRY_CAT,WATER GAUGING EQUIPMENT,Water Storage and Conveyance
CRM_DOM_RSRCE_PRMRY_CAT,WATER LINE,Water Storage and Conveyance
CRM_DOM_RSRCE_PRMRY_CAT,WATER PIPELINE,Water Storage and Conveyance
CRM_DOM_RSRCE_PRMRY_CAT,WATER TANK,Water Storage and Conveyance
CRM_DOM_RSRCE_PRMRY_CAT,WATER TROUGH,Water Storage and Conveyance
CRM_DOM_RSRCE_PRMRY_CAT,WATER WHEEL,Water Storage and Conveyance
CRM_DOM_RSRCE_PRMRY_CAT,WATERING PLACE,Water Storage and Conveyance
CRM_DOM_RSRCE_PRMRY_CAT,WATERING STATION,Water Storage and Conveyance
CRM_DOM_RSRCE_PRMRY_CAT,WELL,Water Storage and Conveyance
CRM_DOM_RSRCE_PRMRY_CAT,WELL HOUSE,Water Storage and Conveyance
CRM_DOM_RSRCE_PRMRY_CAT,WELLHOUSE,Water Storage and Conveyance
CRM_DOM_RSRCE_PRMRY_CAT,DRIFT FENCE,Unknown
CRM_DOM_RSRCE_PRMRY_CAT,DRY-LAID STONE WALL,Unknown
CRM_DOM_RSRCE_PRMRY_CAT,RETAINING WALL,Unknown
CRM_DOM_RSRCE_PRMRY_CAT,RETAINING WALLS,Unknown
CRM_DOM_RSRCE_PRMRY_CAT,RIPRAP,Unknown
CRM_DOM_RSRCE_PRMRY_CAT,ROCK CONCENTRATION,Unknown
CRM_DOM_RSRCE_PRMRY_CAT,ROCK WALL,Unknown
CRM_DOM_RSRCE_PRMRY_CAT,ROCK WALLS,Unknown
CRM_DOM_RSRCE_PRMRY_CAT,STONE CAIRN,Unknown
CRM_DOM_RSRCE_PRMRY_CAT,STONE CIRCLE,Unknown
CRM_DOM_RSRCE_PRMRY_CAT,STONE ENCLOSURE,Unknown
CRM_DOM_RSRCE_PRMRY_CAT,STONE RETAINING WALL,Unknown
CRM_DOM_RSRCE_PRMRY_CAT,STONE WALL,Unknown
CRM_DOM_RSRCE_TMPRL_CLTRL_ASGNMNT,Historical Archaeology>Archaeological>Historic,Multicomponent
CRM_DOM_RSRCE_TMPRL_CLTRL_ASGNMNT,Unknown,Unknown
CRM_DOM_RSRCE_TMPRL_CLTRL_ASGNMNT,Archaeological>Historic>Historical Archaeology,Multicomponent
CRM_DOM_RSRCE_TMPRL_CLTRL_ASGNMNT,Historical Archaeology>Paleontological,Multicomponent
CRM_DOM_RSRCE_TMPRL_CLTRL_ASGNMNT,Historical Archaeology>Rural Historic Landscape>Historic,Historic
CRM_DOM_RSRCE_TMPRL_CLTRL_ASGNMNT,Paleontological>Archaeological,Multicomponent
CRM_DOM_RSRCE_TMPRL_CLTRL_ASGNMNT,Rural Historic Landscape>Historical Archaeology,Historic
CRM_DOM_RSRCE_TMPRL_CLTRL_ASGNMNT,Historical Archaeology>Historic,Historic
CRM_DOM_RSRCE_TMPRL_CLTRL_ASGNMNT,Paleontological,Unknown
CRM_DOM_RSRCE_TMPRL_CLTRL_ASGNMNT,Historical Archaeology>Historic>Archaeological,Multicomponent
CRM_DOM_RSRCE_TMPRL_CLTRL_ASGNMNT,Historical Archaeology>Paleontological>Archaeological,Multicomponent
CRM_DOM_RSRCE_TMPRL_CLTRL_ASGNMNT,Historic,Historic
CRM_DOM_RSRCE_TMPRL_CLTRL_ASGNMNT,Historic District>Historical Archaeology,Historic
CRM_DOM_RSRCE_TMPRL_CLTRL_ASGNMNT,Historic District>Historic>Historical Archaeology,Historic
CRM_DOM_RSRCE_TMPRL_CLTRL_ASGNMNT,Archaeological District,Prehistoric
CRM_DOM_RSRCE_TMPRL_CLTRL_ASGNMNT,Archaeological>Historic,Multicomponent
CRM_DOM_RSRCE_TMPRL_CLTRL_ASGNMNT,Paleontological>Historical Archaeology>Archaeological,Multicomponent
CRM_DOM_RSRCE_TMPRL_CLTRL_ASGNMNT,Historical Archaeology>Rural Historic Landscape>Archaeological,Multicomponent
CRM_DOM_RSRCE_TMPRL_CLTRL_ASGNMNT,Archaeological>Paleontological,Multicomponent
CRM_DOM_RSRCE_TMPRL_CLTRL_ASGNMNT,Historic District>Archaeological>Historical Archaeology,Multicomponent
CRM_DOM_RSRCE_TMPRL_CLTRL_ASGNMNT,Historic>Historical Archaeology,Historic
CRM_DOM_RSRCE_TMPRL_CLTRL_ASGNMNT,Archaeological>Historical Archaeology>Paleontological,Multicomponent
CRM_DOM_RSRCE_TMPRL_CLTRL_ASGNMNT,Historic>Historical Archaeology>Archaeological,Multicomponent
CRM_DOM_RSRCE_TMPRL_CLTRL_ASGNMNT,Unknown>Historical Archaeology,Historic
CRM_DOM_RSRCE_TMPRL_CLTRL_ASGNMNT,Historic District,Historic
CRM_DOM_RSRCE_TMPRL_CLTRL_ASGNMNT,Historic>Archaeological>Historical Archaeology,Multicomponent
CRM_DOM_RSRCE_TMPRL_CLTRL_ASGNMNT,Archaeological-Paleontological,Multicomponent
CRM_DOM_RSRCE_TMPRL_CLTRL_ASGNMNT,Historical Archaeology>Archaeological,Multicomponent
CRM_DOM_RSRCE_TMPRL_CLTRL_ASGNMNT,Historical Archaeology>Rural Historic Landscape,Historic
CRM_DOM_RSRCE_TMPRL_CLTRL_ASGNMNT,Archaeological>Historical Archaeology>Historic,Multicomponent
CRM_DOM_RSRCE_TMPRL_CLTRL_ASGNMNT,Historical Archaeology>Historic District,Historic
CRM_DOM_RSRCE_TMPRL_CLTRL_ASGNMNT,Historical Archaeology>Archaeological>Paleontological,Multicomponent
CRM_DOM_RSRCE_TMPRL_CLTRL_ASGNMNT,Archaeological>Paleontological>Historical Archaeology,Multicomponent
CRM_DOM_RSRCE_TMPRL_CLTRL_ASGNMNT,Archaeological,Prehistoric
CRM_DOM_RSRCE_TMPRL_CLTRL_ASGNMNT,Historical Archaeology,Historic
CRM_DOM_RSRCE_TMPRL_CLTRL_ASGNMNT,Historic>Archaeological,Multicomponent
CRM_DOM_RSRCE_TMPRL_CLTRL_ASGNMNT,Archaeological>Historical Archaeology,Multicomponent
CRM_DOM_INVSTGTN_AUTH,106 Compliance,Section 106
CRM_DOM_INVSTGTN_AUTH,Compliance,Section 106
CRM_DOM_INVSTGTN_AUTH,State Permits,Other
CRM_DOM_INVSTGTN_AUTH,106 Compliance>106 Compliance,Section 106
CRM_DOM_INVSTGTN_AUTH,State Register Act Compliance,Other
CRM_DOM_INVSTGTN_AUTH,PAAC Courses,Other
CRM_DOM_INVSTGTN_AUTH,Compliance>Compliance,Section 106
CRM_DOM_INVSTGTN_AUTH,SHF-Survey & Planning,Other
CRM_DOM_INVSTGTN_AUTH,Compliance>Local Government/Private Compliance,Other
CRM_DOM_INVSTGTN_AUTH,State Permits>State Permits>State Permits>State Permits,Other
CRM_DOM_INVSTGTN_AUTH,Paleontological,Other
CRM_DOM_INVSTGTN_AUTH,110,Section 110
CRM_DOM_INVSTGTN_AUTH,State Permits>Local Government/Private Compliance,Other
CRM_DOM_INVSTGTN_AUTH,Certified Local Government,Other
CRM_DOM_INVSTGTN_AUTH,State Permits>State Permits,Other
CRM_DOM_INVSTGTN_AUTH,106 Compliance>106 Compliance>106 Compliance>106 Compliance>106 Compliance,Section 106
CRM_DOM_INVSTGTN_AUTH,Local Government/Private Compliance,Other
CRM_DOM_INVSTGTN_AUTH,State Permits>State Permits>Compliance,Other
CRM_DOM_INVSTGTN_AUTH,State Register,Other
CRM_DOM_INVSTGTN_AUTH,106 Compliance>106 Compliance>106 Compliance,Section 106
CRM_DOM_INVSTGTN_AUTH,106 Compliance>106 Compliance>106 Compliance>106 Compliance,Section 106
CRM_DOM_INVSTGTN_AUTH,106 Compliance>Compliance,Section 106
CRM_DOM_INVSTGTN_AUTH,Compliance>106 Compliance,Section 106
CRM_DOM_INVSTGTN_AUTH,106 Compliance>Paleontological,Section 106
CRM_DOM_INVSTGTN_CL,CLASS III,Class III Inventory
CRM_DOM_INVSTGTN_CL,RECONNAISSANCE SURVEY,Class II Inventory
CRM_DOM_INVSTGTN_CL,Paleontological Survey>RECONNAISSANCE SURVEY,Class II Inventory
CRM_DOM_INVSTGTN_CL,CLASS II,Class II Inventory
CRM_DOM_INVSTGTN_CL,Historic Survey - CIII,Class III Inventory
CRM_DOM_INVSTGTN_CL,CLASS III>Paleontological Survey,Class III Inventory
CRM_DOM_INVSTGTN_CL,Paleontological Survey,Other
CRM_DOM_INVSTGTN_CL,Archaeology Survey - CIII,Class III Inventory
CRM_DOM_INVSTGTN_CL,Class II-Pred Model,Class II Inventory
CRM_DOM_INVSTGTN_CL,CLASS III>CLASS III,Class III Inventory
CRM_DOM_INVSTGTN_CL,CLASS II>CLASS III,Class II and Class III
CRM_DOM_INVSTGTN_CL,CLASS III>Historic Survey - CII,Class II and Class III
CRM_DOM_INVSTGTN_CL,Historic Survey - CII,Class II Inventory
CRM_DOM_INVSTGTN_CL,Survey - Level Unspecified,Unknown
CRM_DOM_INVSTGTN_CL,CLASS III>CLASS II,Class II and Class III
CRM_DOM_INVSTGTN_CL,Paleontological Survey>CLASS III,Class III Inventory
CRM_DOM_INVSTGTN_CL,CLASS III>RESURVEY,Class III Inventory
CRM_DOM_INVSTGTN_CL,Archaeology Survey - CII,Class II Inventory
CRM_DOM_INVSTGTN_CL,CLASS II>RECONNAISSANCE SURVEY,Class II Inventory
CRM_DOM_INVSTGTN_CL,Archaeology Survey - CIII>CLASS III,Class III Inventory
